{"sessionId":"415652","hypothesisId":"H5","location":"Voxel.cpp:UpdateStreamingChunks","message":"stream_refresh","data":{"cx":0,"cy":0,"epoch":1,"chunkEntries":0,"focusX":0.00,"focusY":0.00},"timestamp":16872705194}
{"sessionId":"415652","hypothesisId":"H3","location":"Voxel.cpp:Tick","message":"snapshot","data":{"runId":"post-fix","lastCx":0,"lastCy":0,"epoch":1,"st":{"q":4213,"gen":6,"pend":0,"mesh":6,"ready":0},"qVox":4213,"qMesh":0,"actVox":6,"actMesh":6,"defMeshDefer":0,"hasFocus":1,"meshBpThr":0},"timestamp":16872705210}
{"sessionId":"415652","hypothesisId":"H3","location":"Voxel.cpp:Tick","message":"snapshot","data":{"runId":"post-fix","lastCx":0,"lastCy":0,"epoch":1,"st":{"q":3871,"gen":6,"pend":285,"mesh":6,"ready":57},"qVox":3871,"qMesh":285,"actVox":6,"actMesh":6,"defMeshDefer":0,"hasFocus":1,"meshBpThr":0},"timestamp":16872706259}
{"sessionId":"415652","hypothesisId":"H3","location":"Voxel.cpp:Tick","message":"snapshot","data":{"runId":"post-fix","lastCx":0,"lastCy":0,"epoch":1,"st":{"q":3505,"gen":6,"pend":590,"mesh":6,"ready":118},"qVox":3505,"qMesh":590,"actVox":6,"actMesh":6,"defMeshDefer":0,"hasFocus":1,"meshBpThr":0},"timestamp":16872707275}
{"sessionId":"415652","hypothesisId":"H3","location":"Voxel.cpp:Tick","message":"snapshot","data":{"runId":"post-fix","lastCx":0,"lastCy":0,"epoch":1,"st":{"q":3145,"gen":6,"pend":897,"mesh":6,"ready":171},"qVox":3145,"qMesh":897,"actVox":6,"actMesh":6,"defMeshDefer":0,"hasFocus":1,"meshBpThr":0},"timestamp":16872708275}
{"sessionId":"415652","hypothesisId":"H3","location":"Voxel.cpp:Tick","message":"snapshot","data":{"runId":"post-fix","lastCx":0,"lastCy":0,"epoch":1,"st":{"q":2785,"gen":6,"pend":1201,"mesh":6,"ready":227},"qVox":2785,"qMesh":1201,"actVox":6,"actMesh":6,"defMeshDefer":0,"hasFocus":1,"meshBpThr":0},"timestamp":16872709275}
{"sessionId":"415652","hypothesisId":"H5","location":"Voxel.cpp:UpdateStreamingChunks","message":"stream_refresh","data":{"cx":-1,"cy":-1,"epoch":2,"chunkEntries":4225,"focusX":-13.89,"focusY":-0.21},"timestamp":16872709390}
{"sessionId":"415652","hypothesisId":"H5","location":"Voxel.cpp:UpdateStreamingChunks","message":"stream_refresh","data":{"cx":-1,"cy":0,"epoch":3,"chunkEntries":4354,"focusX":-1181.79,"focusY":24.31},"timestamp":16872709790}
{"sessionId":"415652","hypothesisId":"H3","location":"Voxel.cpp:Tick","message":"snapshot","data":{"runId":"post-fix","lastCx":-1,"lastCy":0,"epoch":3,"st":{"q":2549,"gen":6,"pend":1505,"mesh":6,"ready":289},"qVox":2549,"qMesh":1505,"actVox":6,"actMesh":6,"defMeshDefer":0,"hasFocus":1,"meshBpThr":0},"timestamp":16872710292}
{"sessionId":"415652","hypothesisId":"H5","location":"Voxel.cpp:UpdateStreamingChunks","message":"stream_refresh","data":{"cx":-2,"cy":0,"epoch":4,"chunkEntries":4355,"focusX":-3488.62,"focusY":187.69},"timestamp":16872710590}
{"sessionId":"415652","hypothesisId":"H5","location":"Voxel.cpp:UpdateStreamingChunks","message":"stream_refresh","data":{"cx":-3,"cy":0,"epoch":5,"chunkEntries":4355,"focusX":-6612.49,"focusY":375.94},"timestamp":16872711090}
{"sessionId":"415652","hypothesisId":"H3","location":"Voxel.cpp:Tick","message":"snapshot","data":{"runId":"post-fix","lastCx":-3,"lastCy":0,"epoch":5,"st":{"q":2191,"gen":6,"pend":1802,"mesh":6,"ready":349},"qVox":2319,"qMesh":1805,"actVox":6,"actMesh":6,"defMeshDefer":0,"hasFocus":1,"meshBpThr":0},"timestamp":16872711292}
{"sessionId":"415652","hypothesisId":"H5","location":"Voxel.cpp:UpdateStreamingChunks","message":"stream_refresh","data":{"cx":-4,"cy":0,"epoch":6,"chunkEntries":4354,"focusX":-10574.63,"focusY":559.39},"timestamp":16872711390}
{"sessionId":"415652","hypothesisId":"H5","location":"Voxel.cpp:UpdateStreamingChunks","message":"stream_refresh","data":{"cx":-5,"cy":0,"epoch":7,"chunkEntries":4353,"focusX":-14460.78,"focusY":669.06},"timestamp":16872711590}
{"sessionId":"415652","hypothesisId":"H5","location":"Voxel.cpp:UpdateStreamingChunks","message":"stream_refresh","data":{"cx":-6,"cy":0,"epoch":8,"chunkEntries":4352,"focusX":-16460.19,"focusY":717.81},"timestamp":16872711690}
{"sessionId":"415652","hypothesisId":"H5","location":"Voxel.cpp:UpdateStreamingChunks","message":"stream_refresh","data":{"cx":-7,"cy":0,"epoch":9,"chunkEntries":4351,"focusX":-20459.21,"focusY":807.24},"timestamp":16872711890}
{"sessionId":"415652","hypothesisId":"H5","location":"Voxel.cpp:UpdateStreamingChunks","message":"stream_refresh","data":{"cx":-8,"cy":0,"epoch":10,"chunkEntries":4350,"focusX":-22458.74,"focusY":850.99},"timestamp":16872711990}
{"sessionId":"415652","hypothesisId":"H5","location":"Voxel.cpp:UpdateStreamingChunks","message":"stream_refresh","data":{"cx":-9,"cy":0,"epoch":11,"chunkEntries":4349,"focusX":-26457.80,"focusY":938.20},"timestamp":16872712190}
{"sessionId":"415652","hypothesisId":"H3","location":"Voxel.cpp:Tick","message":"snapshot","data":{"runId":"post-fix","lastCx":-9,"lastCy":0,"epoch":11,"st":{"q":1993,"gen":6,"pend":1934,"mesh":6,"ready":409},"qVox":2349,"qMesh":2105,"actVox":6,"actMesh":6,"defMeshDefer":0,"hasFocus":1,"meshBpThr":0},"timestamp":16872712292}
{"sessionId":"415652","hypothesisId":"H5","location":"Voxel.cpp:UpdateStreamingChunks","message":"stream_refresh","data":{"cx":-10,"cy":0,"epoch":12,"chunkEntries":4348,"focusX":-30456.87,"focusY":1025.34},"timestamp":16872712390}
{"sessionId":"415652","hypothesisId":"H5","location":"Voxel.cpp:UpdateStreamingChunks","message":"stream_refresh","data":{"cx":-11,"cy":0,"epoch":13,"chunkEntries":4347,"focusX":-32456.52,"focusY":1063.15},"timestamp":16872712490}
{"sessionId":"415652","hypothesisId":"H5","location":"Voxel.cpp:UpdateStreamingChunks","message":"stream_refresh","data":{"cx":-12,"cy":0,"epoch":14,"chunkEntries":4346,"focusX":-36456.39,"focusY":1095.45},"timestamp":16872712690}
{"sessionId":"415652","hypothesisId":"H5","location":"Voxel.cpp:UpdateStreamingChunks","message":"stream_refresh","data":{"cx":-13,"cy":0,"epoch":15,"chunkEntries":4345,"focusX":-38456.38,"focusY":1103.89},"timestamp":16872712790}
{"sessionId":"415652","hypothesisId":"H5","location":"Voxel.cpp:UpdateStreamingChunks","message":"stream_refresh","data":{"cx":-14,"cy":0,"epoch":16,"chunkEntries":4344,"focusX":-42456.37,"focusY":1118.41},"timestamp":16872712990}
{"sessionId":"415652","hypothesisId":"H5","location":"Voxel.cpp:UpdateStreamingChunks","message":"stream_refresh","data":{"cx":-15,"cy":0,"epoch":17,"chunkEntries":4343,"focusX":-46456.37,"focusY":1132.32},"timestamp":16872713190}
{"sessionId":"415652","hypothesisId":"H5","location":"Voxel.cpp:UpdateStreamingChunks","message":"stream_refresh","data":{"cx":-16,"cy":0,"epoch":18,"chunkEntries":4342,"focusX":-48456.37,"focusY":1139.25},"timestamp":16872713290}
{"sessionId":"415652","hypothesisId":"H3","location":"Voxel.cpp:Tick","message":"snapshot","data":{"runId":"post-fix","lastCx":-16,"lastCy":0,"epoch":18,"st":{"q":1925,"gen":6,"pend":1935,"mesh":6,"ready":469},"qVox":2444,"qMesh":2405,"actVox":6,"actMesh":6,"defMeshDefer":0,"hasFocus":1,"meshBpThr":0},"timestamp":16872713293}
{"sessionId":"415652","hypothesisId":"H5","location":"Voxel.cpp:UpdateStreamingChunks","message":"stream_refresh","data":{"cx":-17,"cy":0,"epoch":19,"chunkEntries":4341,"focusX":-52456.36,"focusY":1153.09},"timestamp":16872713490}
{"sessionId":"415652","hypothesisId":"H5","location":"Voxel.cpp:UpdateStreamingChunks","message":"stream_refresh","data":{"cx":-18,"cy":0,"epoch":20,"chunkEntries":4340,"focusX":-56008.56,"focusY":1165.38},"timestamp":16872713691}
{"sessionId":"415652","hypothesisId":"H5","location":"Voxel.cpp:UpdateStreamingChunks","message":"stream_refresh","data":{"cx":-19,"cy":0,"epoch":21,"chunkEntries":4339,"focusX":-59486.46,"focusY":1177.41},"timestamp":16872713890}
{"sessionId":"415652","hypothesisId":"H5","location":"Voxel.cpp:UpdateStreamingChunks","message":"stream_refresh","data":{"cx":-20,"cy":0,"epoch":22,"chunkEntries":4338,"focusX":-61476.35,"focusY":1184.30},"timestamp":16872713990}
{"sessionId":"415652","hypothesisId":"H5","location":"Voxel.cpp:UpdateStreamingChunks","message":"stream_refresh","data":{"cx":-21,"cy":0,"epoch":23,"chunkEntries":4337,"focusX":-65475.11,"focusY":1198.13},"timestamp":16872714190}
{"sessionId":"415652","hypothesisId":"H5","location":"Voxel.cpp:UpdateStreamingChunks","message":"stream_refresh","data":{"cx":-22,"cy":0,"epoch":24,"chunkEntries":4336,"focusX":-67475.09,"focusY":1205.05},"timestamp":16872714290}
{"sessionId":"415652","hypothesisId":"H3","location":"Voxel.cpp:Tick","message":"snapshot","data":{"runId":"post-fix","lastCx":-22,"lastCy":0,"epoch":24,"st":{"q":1767,"gen":6,"pend":2028,"mesh":6,"ready":528},"qVox":2474,"qMesh":2706,"actVox":6,"actMesh":6,"defMeshDefer":0,"hasFocus":1,"meshBpThr":0},"timestamp":16872714295}
{"sessionId":"415652","hypothesisId":"H5","location":"Voxel.cpp:UpdateStreamingChunks","message":"stream_refresh","data":{"cx":-23,"cy":0,"epoch":25,"chunkEntries":4335,"focusX":-71476.29,"focusY":1218.90},"timestamp":16872714491}
{"sessionId":"415652","hypothesisId":"H5","location":"Voxel.cpp:UpdateStreamingChunks","message":"stream_refresh","data":{"cx":-24,"cy":0,"epoch":26,"chunkEntries":4334,"focusX":-75476.29,"focusY":1229.51},"timestamp":16872714691}
{"sessionId":"415652","hypothesisId":"H5","location":"Voxel.cpp:UpdateStreamingChunks","message":"stream_refresh","data":{"cx":-25,"cy":0,"epoch":27,"chunkEntries":4333,"focusX":-77476.30,"focusY":1226.05},"timestamp":16872714791}
{"sessionId":"415652","hypothesisId":"H5","location":"Voxel.cpp:UpdateStreamingChunks","message":"stream_refresh","data":{"cx":-26,"cy":0,"epoch":28,"chunkEntries":4332,"focusX":-81508.56,"focusY":1184.66},"timestamp":16872714992}
{"sessionId":"415652","hypothesisId":"H5","location":"Voxel.cpp:UpdateStreamingChunks","message":"stream_refresh","data":{"cx":-27,"cy":0,"epoch":29,"chunkEntries":4331,"focusX":-83508.25,"focusY":1148.66},"timestamp":16872715093}
{"sessionId":"415652","hypothesisId":"H5","location":"Voxel.cpp:UpdateStreamingChunks","message":"stream_refresh","data":{"cx":-28,"cy":0,"epoch":30,"chunkEntries":4330,"focusX":-87507.22,"focusY":1057.10},"timestamp":16872715293}
{"sessionId":"415652","hypothesisId":"H3","location":"Voxel.cpp:Tick","message":"snapshot","data":{"runId":"post-fix","lastCx":-28,"lastCy":0,"epoch":30,"st":{"q":1552,"gen":6,"pend":2263,"mesh":6,"ready":502},"qVox":2504,"qMesh":3092,"actVox":6,"actMesh":6,"defMeshDefer":0,"hasFocus":1,"meshBpThr":0},"timestamp":16872715297}
{"sessionId":"415652","hypothesisId":"H5","location":"Voxel.cpp:UpdateStreamingChunks","message":"stream_refresh","data":{"cx":-29,"cy":0,"epoch":31,"chunkEntries":4329,"focusX":-91505.99,"focusY":957.25},"timestamp":16872715492}
{"sessionId":"415652","hypothesisId":"H5","location":"Voxel.cpp:UpdateStreamingChunks","message":"stream_refresh","data":{"cx":-30,"cy":0,"epoch":32,"chunkEntries":4328,"focusX":-93505.25,"focusY":902.42},"timestamp":16872715593}
{"sessionId":"415652","hypothesisId":"H5","location":"Voxel.cpp:UpdateStreamingChunks","message":"stream_refresh","data":{"cx":-31,"cy":0,"epoch":33,"chunkEntries":4327,"focusX":-97503.36,"focusY":779.22},"timestamp":16872715792}
{"sessionId":"415652","hypothesisId":"H5","location":"Voxel.cpp:UpdateStreamingChunks","message":"stream_refresh","data":{"cx":-32,"cy":0,"epoch":34,"chunkEntries":4326,"focusX":-99502.30,"focusY":713.70},"timestamp":16872715892}
{"sessionId":"415652","hypothesisId":"H5","location":"Voxel.cpp:UpdateStreamingChunks","message":"stream_refresh","data":{"cx":-33,"cy":0,"epoch":35,"chunkEntries":4325,"focusX":-103500.09,"focusY":580.03},"timestamp":16872716093}
{"sessionId":"415652","hypothesisId":"H5","location":"Voxel.cpp:UpdateStreamingChunks","message":"stream_refresh","data":{"cx":-34,"cy":0,"epoch":36,"chunkEntries":4324,"focusX":-107490.71,"focusY":315.91},"timestamp":16872716292}
{"sessionId":"415652","hypothesisId":"H3","location":"Voxel.cpp:Tick","message":"snapshot","data":{"runId":"post-fix","lastCx":-34,"lastCy":0,"epoch":36,"st":{"q":1342,"gen":6,"pend":2475,"mesh":6,"ready":494},"qVox":2528,"qMesh":3466,"actVox":6,"actMesh":6,"defMeshDefer":0,"hasFocus":1,"meshBpThr":0},"timestamp":16872716311}
{"sessionId":"415652","hypothesisId":"H5","location":"Voxel.cpp:UpdateStreamingChunks","message":"stream_refresh","data":{"cx":-35,"cy":0,"epoch":37,"chunkEntries":4323,"focusX":-109480.04,"focusY":109.59},"timestamp":16872716392}
{"sessionId":"415652","hypothesisId":"H5","location":"Voxel.cpp:UpdateStreamingChunks","message":"stream_refresh","data":{"cx":-35,"cy":-1,"epoch":38,"chunkEntries":4322,"focusX":-111468.76,"focusY":-102.60},"timestamp":16872716492}
{"sessionId":"415652","hypothesisId":"H5","location":"Voxel.cpp:UpdateStreamingChunks","message":"stream_refresh","data":{"cx":-36,"cy":-1,"epoch":39,"chunkEntries":4356,"focusX":-113458.82,"focusY":-301.80},"timestamp":16872716592}
{"sessionId":"415652","hypothesisId":"H5","location":"Voxel.cpp:UpdateStreamingChunks","message":"stream_refresh","data":{"cx":-37,"cy":-1,"epoch":40,"chunkEntries":4355,"focusX":-115449.76,"focusY":-492.06},"timestamp":16872716693}
{"sessionId":"415652","hypothesisId":"H5","location":"Voxel.cpp:UpdateStreamingChunks","message":"stream_refresh","data":{"cx":-38,"cy":-1,"epoch":41,"chunkEntries":4354,"focusX":-119433.78,"focusY":-849.08},"timestamp":16872716892}
{"sessionId":"415652","hypothesisId":"H5","location":"Voxel.cpp:UpdateStreamingChunks","message":"stream_refresh","data":{"cx":-39,"cy":-1,"epoch":42,"chunkEntries":4353,"focusX":-123421.57,"focusY":-1161.70},"timestamp":16872717093}
{"sessionId":"415652","hypothesisId":"H5","location":"Voxel.cpp:UpdateStreamingChunks","message":"stream_refresh","data":{"cx":-40,"cy":-1,"epoch":43,"chunkEntries":4352,"focusX":-125416.74,"focusY":-1300.72},"timestamp":16872717193}
{"sessionId":"415652","hypothesisId":"H3","location":"Voxel.cpp:Tick","message":"snapshot","data":{"runId":"post-fix","lastCx":-40,"lastCy":-1,"epoch":43,"st":{"q":1172,"gen":6,"pend":2714,"mesh":6,"ready":453},"qVox":2586,"qMesh":3873,"actVox":6,"actMesh":6,"defMeshDefer":0,"hasFocus":1,"meshBpThr":0},"timestamp":16872717327}
{"sessionId":"415652","hypothesisId":"H5","location":"Voxel.cpp:UpdateStreamingChunks","message":"stream_refresh","data":{"cx":-41,"cy":-1,"epoch":44,"chunkEntries":4351,"focusX":-129411.27,"focusY":-1509.39},"timestamp":16872717392}
{"sessionId":"415652","hypothesisId":"H5","location":"Voxel.cpp:UpdateStreamingChunks","message":"stream_refresh","data":{"cx":-42,"cy":-1,"epoch":45,"chunkEntries":4350,"focusX":-131409.21,"focusY":-1600.29},"timestamp":16872717492}
{"sessionId":"415652","hypothesisId":"H5","location":"Voxel.cpp:UpdateStreamingChunks","message":"stream_refresh","data":{"cx":-43,"cy":-1,"epoch":46,"chunkEntries":4349,"focusX":-135405.29,"focusY":-1777.74},"timestamp":16872717692}
{"sessionId":"415652","hypothesisId":"H5","location":"Voxel.cpp:UpdateStreamingChunks","message":"stream_refresh","data":{"cx":-44,"cy":-1,"epoch":47,"chunkEntries":4348,"focusX":-139401.78,"focusY":-1945.83},"timestamp":16872717893}
{"sessionId":"415652","hypothesisId":"H5","location":"Voxel.cpp:UpdateStreamingChunks","message":"stream_refresh","data":{"cx":-45,"cy":-1,"epoch":48,"chunkEntries":4347,"focusX":-141400.09,"focusY":-2028.27},"timestamp":16872717992}
{"sessionId":"415652","hypothesisId":"H5","location":"Voxel.cpp:UpdateStreamingChunks","message":"stream_refresh","data":{"cx":-46,"cy":-1,"epoch":49,"chunkEntries":4346,"focusX":-145396.73,"focusY":-2192.64},"timestamp":16872718193}
{"sessionId":"415652","hypothesisId":"H5","location":"Voxel.cpp:UpdateStreamingChunks","message":"stream_refresh","data":{"cx":-47,"cy":-1,"epoch":50,"chunkEntries":4345,"focusX":-147441.55,"focusY":-2276.68},"timestamp":16872718294}
{"sessionId":"415652","hypothesisId":"H3","location":"Voxel.cpp:Tick","message":"snapshot","data":{"runId":"post-fix","lastCx":-47,"lastCy":-1,"epoch":50,"st":{"q":1027,"gen":6,"pend":2902,"mesh":6,"ready":403},"qVox":2681,"qMesh":4283,"actVox":6,"actMesh":6,"defMeshDefer":0,"hasFocus":1,"meshBpThr":0},"timestamp":16872718330}
{"sessionId":"415652","hypothesisId":"H5","location":"Voxel.cpp:UpdateStreamingChunks","message":"stream_refresh","data":{"cx":-48,"cy":-1,"epoch":51,"chunkEntries":4344,"focusX":-151438.66,"focusY":-2431.87},"timestamp":16872718494}
{"sessionId":"415652","hypothesisId":"H5","location":"Voxel.cpp:UpdateStreamingChunks","message":"stream_refresh","data":{"cx":-49,"cy":-1,"epoch":52,"chunkEntries":4343,"focusX":-155436.50,"focusY":-2563.79},"timestamp":16872718695}
{"sessionId":"415652","hypothesisId":"H5","location":"Voxel.cpp:UpdateStreamingChunks","message":"stream_refresh","data":{"cx":-50,"cy":-1,"epoch":53,"chunkEntries":4342,"focusX":-157435.58,"focusY":-2624.97},"timestamp":16872718795}
{"sessionId":"415652","hypothesisId":"H5","location":"Voxel.cpp:UpdateStreamingChunks","message":"stream_refresh","data":{"cx":-51,"cy":-1,"epoch":54,"chunkEntries":4341,"focusX":-161434.44,"focusY":-2720.79},"timestamp":16872718994}
{"sessionId":"415652","hypothesisId":"H5","location":"Voxel.cpp:UpdateStreamingChunks","message":"stream_refresh","data":{"cx":-52,"cy":-1,"epoch":55,"chunkEntries":4340,"focusX":-163434.04,"focusY":-2760.97},"timestamp":16872719095}
{"sessionId":"415652","hypothesisId":"H5","location":"Voxel.cpp:UpdateStreamingChunks","message":"stream_refresh","data":{"cx":-53,"cy":-1,"epoch":56,"chunkEntries":4339,"focusX":-167433.97,"focusY":-2809.12},"timestamp":16872719294}
{"sessionId":"415652","hypothesisId":"H3","location":"Voxel.cpp:Tick","message":"snapshot","data":{"runId":"post-fix","lastCx":-53,"lastCy":-1,"epoch":56,"st":{"q":886,"gen":6,"pend":3067,"mesh":6,"ready":373},"qVox":2705,"qMesh":4679,"actVox":6,"actMesh":6,"defMeshDefer":0,"hasFocus":1,"meshBpThr":0},"timestamp":16872719346}
{"sessionId":"415652","hypothesisId":"H5","location":"Voxel.cpp:UpdateStreamingChunks","message":"stream_refresh","data":{"cx":-54,"cy":-1,"epoch":57,"chunkEntries":4338,"focusX":-171433.86,"focusY":-2841.05},"timestamp":16872719494}
{"sessionId":"415652","hypothesisId":"H5","location":"Voxel.cpp:UpdateStreamingChunks","message":"stream_refresh","data":{"cx":-55,"cy":-1,"epoch":58,"chunkEntries":4337,"focusX":-173433.81,"focusY":-2856.17},"timestamp":16872719594}
{"sessionId":"415652","hypothesisId":"H5","location":"Voxel.cpp:UpdateStreamingChunks","message":"stream_refresh","data":{"cx":-56,"cy":-1,"epoch":59,"chunkEntries":4336,"focusX":-177433.73,"focusY":-2886.15},"timestamp":16872719794}
{"sessionId":"415652","hypothesisId":"H5","location":"Voxel.cpp:UpdateStreamingChunks","message":"stream_refresh","data":{"cx":-57,"cy":-1,"epoch":60,"chunkEntries":4335,"focusX":-179433.68,"focusY":-2901.10},"timestamp":16872719895}
{"sessionId":"415652","hypothesisId":"H5","location":"Voxel.cpp:UpdateStreamingChunks","message":"stream_refresh","data":{"cx":-58,"cy":-1,"epoch":61,"chunkEntries":4334,"focusX":-183433.97,"focusY":-2931.01},"timestamp":16872720094}
{"sessionId":"415652","hypothesisId":"H5","location":"Voxel.cpp:UpdateStreamingChunks","message":"stream_refresh","data":{"cx":-59,"cy":-1,"epoch":62,"chunkEntries":4333,"focusX":-187433.88,"focusY":-2960.91},"timestamp":16872720294}
{"sessionId":"415652","hypothesisId":"H3","location":"Voxel.cpp:Tick","message":"snapshot","data":{"runId":"post-fix","lastCx":-59,"lastCy":-1,"epoch":62,"st":{"q":792,"gen":6,"pend":3166,"mesh":6,"ready":362},"qVox":2729,"qMesh":5056,"actVox":6,"actMesh":6,"defMeshDefer":0,"hasFocus":1,"meshBpThr":0},"timestamp":16872720363}
{"sessionId":"415652","hypothesisId":"H5","location":"Voxel.cpp:UpdateStreamingChunks","message":"stream_refresh","data":{"cx":-60,"cy":-1,"epoch":63,"chunkEntries":4332,"focusX":-189433.83,"focusY":-2975.86},"timestamp":16872720395}
{"sessionId":"415652","hypothesisId":"H5","location":"Voxel.cpp:UpdateStreamingChunks","message":"stream_refresh","data":{"cx":-61,"cy":-1,"epoch":64,"chunkEntries":4331,"focusX":-193433.73,"focusY":-3005.76},"timestamp":16872720594}
{"sessionId":"415652","hypothesisId":"H5","location":"Voxel.cpp:UpdateStreamingChunks","message":"stream_refresh","data":{"cx":-62,"cy":-1,"epoch":65,"chunkEntries":4330,"focusX":-195433.69,"focusY":-3020.71},"timestamp":16872720695}
{"sessionId":"415652","hypothesisId":"H5","location":"Voxel.cpp:UpdateStreamingChunks","message":"stream_refresh","data":{"cx":-63,"cy":-1,"epoch":66,"chunkEntries":4329,"focusX":-199433.80,"focusY":-3050.61},"timestamp":16872720895}
{"sessionId":"415652","hypothesisId":"H5","location":"Voxel.cpp:UpdateStreamingChunks","message":"stream_refresh","data":{"cx":-64,"cy":-1,"epoch":67,"chunkEntries":4328,"focusX":-203433.71,"focusY":-3080.52},"timestamp":16872721095}
{"sessionId":"415652","hypothesisId":"H5","location":"Voxel.cpp:UpdateStreamingChunks","message":"stream_refresh","data":{"cx":-65,"cy":-1,"epoch":68,"chunkEntries":4327,"focusX":-205433.66,"focusY":-3095.47},"timestamp":16872721195}
{"sessionId":"415652","hypothesisId":"H3","location":"Voxel.cpp:Tick","message":"snapshot","data":{"runId":"post-fix","lastCx":-65,"lastCy":-1,"epoch":68,"st":{"q":716,"gen":6,"pend":3242,"mesh":6,"ready":356},"qVox":2753,"qMesh":5428,"actVox":6,"actMesh":6,"defMeshDefer":0,"hasFocus":1,"meshBpThr":0},"timestamp":16872721379}
{"sessionId":"415652","hypothesisId":"H5","location":"Voxel.cpp:UpdateStreamingChunks","message":"stream_refresh","data":{"cx":-66,"cy":-1,"epoch":69,"chunkEntries":4326,"focusX":-209433.57,"focusY":-3125.37},"timestamp":16872721395}
{"sessionId":"415652","hypothesisId":"H5","location":"Voxel.cpp:UpdateStreamingChunks","message":"stream_refresh","data":{"cx":-67,"cy":-1,"epoch":70,"chunkEntries":4325,"focusX":-211433.52,"focusY":-3140.32},"timestamp":16872721495}
{"sessionId":"415652","hypothesisId":"H5","location":"Voxel.cpp:UpdateStreamingChunks","message":"stream_refresh","data":{"cx":-68,"cy":-1,"epoch":71,"chunkEntries":4324,"focusX":-215433.43,"focusY":-3170.22},"timestamp":16872721695}
{"sessionId":"415652","hypothesisId":"H5","location":"Voxel.cpp:UpdateStreamingChunks","message":"stream_refresh","data":{"cx":-69,"cy":-2,"epoch":72,"chunkEntries":4323,"focusX":-219433.34,"focusY":-3200.12},"timestamp":16872721895}
{"sessionId":"415652","hypothesisId":"H5","location":"Voxel.cpp:UpdateStreamingChunks","message":"stream_refresh","data":{"cx":-70,"cy":-2,"epoch":73,"chunkEntries":4354,"focusX":-221433.29,"focusY":-3215.07},"timestamp":16872721995}
{"sessionId":"415652","hypothesisId":"H5","location":"Voxel.cpp:UpdateStreamingChunks","message":"stream_refresh","data":{"cx":-71,"cy":-2,"epoch":74,"chunkEntries":4354,"focusX":-225433.20,"focusY":-3244.97},"timestamp":16872722195}
{"sessionId":"415652","hypothesisId":"H5","location":"Voxel.cpp:UpdateStreamingChunks","message":"stream_refresh","data":{"cx":-72,"cy":-2,"epoch":75,"chunkEntries":4353,"focusX":-227433.16,"focusY":-3259.92},"timestamp":16872722295}
{"sessionId":"415652","hypothesisId":"H3","location":"Voxel.cpp:Tick","message":"snapshot","data":{"runId":"post-fix","lastCx":-72,"lastCy":-2,"epoch":75,"st":{"q":736,"gen":6,"pend":3262,"mesh":6,"ready":342},"qVox":2912,"qMesh":5797,"actVox":6,"actMesh":6,"defMeshDefer":0,"hasFocus":1,"meshBpThr":0},"timestamp":16872722379}
{"sessionId":"415652","hypothesisId":"H5","location":"Voxel.cpp:UpdateStreamingChunks","message":"stream_refresh","data":{"cx":-73,"cy":-2,"epoch":76,"chunkEntries":4352,"focusX":-231433.06,"focusY":-3289.82},"timestamp":16872722495}
{"sessionId":"415652","hypothesisId":"H5","location":"Voxel.cpp:UpdateStreamingChunks","message":"stream_refresh","data":{"cx":-74,"cy":-2,"epoch":77,"chunkEntries":4351,"focusX":-235432.98,"focusY":-3319.72},"timestamp":16872722695}
{"sessionId":"415652","hypothesisId":"H5","location":"Voxel.cpp:UpdateStreamingChunks","message":"stream_refresh","data":{"cx":-75,"cy":-2,"epoch":78,"chunkEntries":4350,"focusX":-237432.94,"focusY":-3334.67},"timestamp":16872722795}
{"sessionId":"415652","hypothesisId":"H5","location":"Voxel.cpp:UpdateStreamingChunks","message":"stream_refresh","data":{"cx":-76,"cy":-2,"epoch":79,"chunkEntries":4349,"focusX":-241432.84,"focusY":-3364.57},"timestamp":16872722995}
{"sessionId":"415652","hypothesisId":"H5","location":"Voxel.cpp:UpdateStreamingChunks","message":"stream_refresh","data":{"cx":-77,"cy":-2,"epoch":80,"chunkEntries":4348,"focusX":-243432.79,"focusY":-3379.52},"timestamp":16872723094}
{"sessionId":"415652","hypothesisId":"H5","location":"Voxel.cpp:UpdateStreamingChunks","message":"stream_refresh","data":{"cx":-78,"cy":-2,"epoch":81,"chunkEntries":4347,"focusX":-247432.69,"focusY":-3409.42},"timestamp":16872723295}
{"sessionId":"415652","hypothesisId":"H3","location":"Voxel.cpp:Tick","message":"snapshot","data":{"runId":"post-fix","lastCx":-78,"lastCy":-2,"epoch":81,"st":{"q":686,"gen":6,"pend":3303,"mesh":6,"ready":345},"qVox":2942,"qMesh":6154,"actVox":6,"actMesh":6,"defMeshDefer":0,"hasFocus":1,"meshBpThr":0},"timestamp":16872723380}
{"sessionId":"415652","hypothesisId":"H5","location":"Voxel.cpp:UpdateStreamingChunks","message":"stream_refresh","data":{"cx":-79,"cy":-2,"epoch":82,"chunkEntries":4346,"focusX":-251432.60,"focusY":-3439.32},"timestamp":16872723495}
{"sessionId":"415652","hypothesisId":"H5","location":"Voxel.cpp:UpdateStreamingChunks","message":"stream_refresh","data":{"cx":-80,"cy":-2,"epoch":83,"chunkEntries":4345,"focusX":-253432.57,"focusY":-3454.27},"timestamp":16872723595}
{"sessionId":"415652","hypothesisId":"H5","location":"Voxel.cpp:UpdateStreamingChunks","message":"stream_refresh","data":{"cx":-81,"cy":-2,"epoch":84,"chunkEntries":4344,"focusX":-257432.47,"focusY":-3484.18},"timestamp":16872723795}
{"sessionId":"415652","hypothesisId":"H5","location":"Voxel.cpp:UpdateStreamingChunks","message":"stream_refresh","data":{"cx":-82,"cy":-2,"epoch":85,"chunkEntries":4343,"focusX":-259432.43,"focusY":-3499.13},"timestamp":16872723894}
{"sessionId":"415652","hypothesisId":"H5","location":"Voxel.cpp:UpdateStreamingChunks","message":"stream_refresh","data":{"cx":-83,"cy":-2,"epoch":86,"chunkEntries":4342,"focusX":-263432.36,"focusY":-3529.03},"timestamp":16872724095}
{"sessionId":"415652","hypothesisId":"H5","location":"Voxel.cpp:UpdateStreamingChunks","message":"stream_refresh","data":{"cx":-84,"cy":-2,"epoch":87,"chunkEntries":4341,"focusX":-267432.26,"focusY":-3558.93},"timestamp":16872724295}
{"sessionId":"415652","hypothesisId":"H5","location":"Voxel.cpp:UpdateStreamingChunks","message":"stream_refresh","data":{"cx":-85,"cy":-2,"epoch":88,"chunkEntries":4340,"focusX":-269432.22,"focusY":-3573.88},"timestamp":16872724394}
{"sessionId":"415652","hypothesisId":"H3","location":"Voxel.cpp:Tick","message":"snapshot","data":{"runId":"post-fix","lastCx":-85,"lastCy":-2,"epoch":88,"st":{"q":690,"gen":6,"pend":3289,"mesh":6,"ready":348},"qVox":3031,"qMesh":6517,"actVox":6,"actMesh":6,"defMeshDefer":0,"hasFocus":1,"meshBpThr":0},"timestamp":16872724398}
{"sessionId":"415652","hypothesisId":"H5","location":"Voxel.cpp:UpdateStreamingChunks","message":"stream_refresh","data":{"cx":-86,"cy":-2,"epoch":89,"chunkEntries":4339,"focusX":-273432.12,"focusY":-3603.78},"timestamp":16872724595}
{"sessionId":"415652","hypothesisId":"H5","location":"Voxel.cpp:UpdateStreamingChunks","message":"stream_refresh","data":{"cx":-87,"cy":-2,"epoch":90,"chunkEntries":4338,"focusX":-275418.18,"focusY":-3618.62},"timestamp":16872724694}
{"sessionId":"415652","hypothesisId":"H5","location":"Voxel.cpp:UpdateStreamingChunks","message":"stream_refresh","data":{"cx":-88,"cy":-2,"epoch":91,"chunkEntries":4337,"focusX":-278793.10,"focusY":-3643.85},"timestamp":16872724995}
{"sessionId":"415652","hypothesisId":"H3","location":"Voxel.cpp:Tick","message":"snapshot","data":{"runId":"post-fix","lastCx":-88,"lastCy":-2,"epoch":91,"st":{"q":489,"gen":6,"pend":3464,"mesh":6,"ready":371},"qVox":2860,"qMesh":6860,"actVox":6,"actMesh":6,"defMeshDefer":0,"hasFocus":1,"meshBpThr":0},"timestamp":16872725413}
{"sessionId":"415652","hypothesisId":"H3","location":"Voxel.cpp:Tick","message":"snapshot","data":{"runId":"post-fix","lastCx":-88,"lastCy":-2,"epoch":91,"st":{"q":129,"gen":6,"pend":3764,"mesh":6,"ready":431},"qVox":2500,"qMesh":7160,"actVox":6,"actMesh":6,"defMeshDefer":0,"hasFocus":1,"meshBpThr":0},"timestamp":16872726413}
{"sessionId":"415652","hypothesisId":"H3","location":"Voxel.cpp:Tick","message":"snapshot","data":{"runId":"post-fix","lastCx":-88,"lastCy":-2,"epoch":91,"st":{"q":0,"gen":0,"pend":3832,"mesh":12,"ready":492},"qVox":2371,"qMesh":7228,"actVox":0,"actMesh":12,"defMeshDefer":0,"hasFocus":1,"meshBpThr":0},"timestamp":16872727430}
{"sessionId":"415652","hypothesisId":"H3","location":"Voxel.cpp:Tick","message":"snapshot","data":{"runId":"post-fix","lastCx":-88,"lastCy":-2,"epoch":91,"st":{"q":0,"gen":0,"pend":3757,"mesh":12,"ready":567},"qVox":2371,"qMesh":7153,"actVox":0,"actMesh":12,"defMeshDefer":0,"hasFocus":1,"meshBpThr":0},"timestamp":16872728432}
{"sessionId":"415652","hypothesisId":"H3","location":"Voxel.cpp:Tick","message":"snapshot","data":{"runId":"post-fix","lastCx":-88,"lastCy":-2,"epoch":91,"st":{"q":0,"gen":0,"pend":3647,"mesh":12,"ready":677},"qVox":2371,"qMesh":7043,"actVox":0,"actMesh":12,"defMeshDefer":0,"hasFocus":1,"meshBpThr":0},"timestamp":16872729438}
{"sessionId":"415652","hypothesisId":"H3","location":"Voxel.cpp:Tick","message":"snapshot","data":{"runId":"post-fix","lastCx":-88,"lastCy":-2,"epoch":91,"st":{"q":0,"gen":0,"pend":3539,"mesh":12,"ready":785},"qVox":2371,"qMesh":6935,"actVox":0,"actMesh":12,"defMeshDefer":0,"hasFocus":1,"meshBpThr":0},"timestamp":16872730439}
{"sessionId":"415652","hypothesisId":"H3","location":"Voxel.cpp:Tick","message":"snapshot","data":{"runId":"post-fix","lastCx":-88,"lastCy":-2,"epoch":91,"st":{"q":0,"gen":0,"pend":3431,"mesh":12,"ready":893},"qVox":2371,"qMesh":6827,"actVox":0,"actMesh":12,"defMeshDefer":0,"hasFocus":1,"meshBpThr":0},"timestamp":16872731445}
{"sessionId":"415652","hypothesisId":"H3","location":"Voxel.cpp:Tick","message":"snapshot","data":{"runId":"post-fix","lastCx":-88,"lastCy":-2,"epoch":91,"st":{"q":0,"gen":0,"pend":3325,"mesh":12,"ready":999},"qVox":2371,"qMesh":6721,"actVox":0,"actMesh":12,"defMeshDefer":0,"hasFocus":1,"meshBpThr":0},"timestamp":16872732449}
{"sessionId":"415652","hypothesisId":"H3","location":"Voxel.cpp:Tick","message":"snapshot","data":{"runId":"post-fix","lastCx":-88,"lastCy":-2,"epoch":91,"st":{"q":0,"gen":0,"pend":3217,"mesh":12,"ready":1107},"qVox":2371,"qMesh":6613,"actVox":0,"actMesh":12,"defMeshDefer":0,"hasFocus":1,"meshBpThr":0},"timestamp":16872733456}
{"sessionId":"415652","hypothesisId":"H5","location":"Voxel.cpp:UpdateStreamingChunks","message":"stream_refresh","data":{"cx":-89,"cy":-2,"epoch":92,"chunkEntries":4336,"focusX":-282355.23,"focusY":-3670.48},"timestamp":16872733511}
{"sessionId":"415652","hypothesisId":"H5","location":"Voxel.cpp:UpdateStreamingChunks","message":"stream_refresh","data":{"cx":-90,"cy":-2,"epoch":93,"chunkEntries":4335,"focusX":-286541.52,"focusY":-3701.78},"timestamp":16872733720}
{"sessionId":"415652","hypothesisId":"H5","location":"Voxel.cpp:UpdateStreamingChunks","message":"stream_refresh","data":{"cx":-91,"cy":-2,"epoch":94,"chunkEntries":4334,"focusX":-288661.53,"focusY":-3717.62},"timestamp":16872733826}
{"sessionId":"415652","hypothesisId":"H5","location":"Voxel.cpp:UpdateStreamingChunks","message":"stream_refresh","data":{"cx":-92,"cy":-2,"epoch":95,"chunkEntries":4333,"focusX":-292870.00,"focusY":-3749.08},"timestamp":16872734039}
{"sessionId":"415652","hypothesisId":"H5","location":"Voxel.cpp:UpdateStreamingChunks","message":"stream_refresh","data":{"cx":-93,"cy":-2,"epoch":96,"chunkEntries":4332,"focusX":-295045.66,"focusY":-3765.35},"timestamp":16872734146}
{"sessionId":"415652","hypothesisId":"H5","location":"Voxel.cpp:UpdateStreamingChunks","message":"stream_refresh","data":{"cx":-94,"cy":-2,"epoch":97,"chunkEntries":4331,"focusX":-299161.04,"focusY":-3796.32},"timestamp":16872734352}
{"sessionId":"415652","hypothesisId":"H5","location":"Voxel.cpp:UpdateStreamingChunks","message":"stream_refresh","data":{"cx":-95,"cy":-2,"epoch":98,"chunkEntries":4330,"focusX":-301172.13,"focusY":-3832.34},"timestamp":16872734454}
{"sessionId":"415652","hypothesisId":"H3","location":"Voxel.cpp:Tick","message":"snapshot","data":{"runId":"post-fix","lastCx":-95,"lastCy":-2,"epoch":98,"st":{"q":79,"gen":6,"pend":3088,"mesh":6,"ready":1150},"qVox":2450,"qMesh":6946,"actVox":6,"actMesh":6,"defMeshDefer":0,"hasFocus":1,"meshBpThr":0},"timestamp":16872734458}
{"sessionId":"415652","hypothesisId":"H5","location":"Voxel.cpp:UpdateStreamingChunks","message":"stream_refresh","data":{"cx":-96,"cy":-2,"epoch":99,"chunkEntries":4329,"focusX":-305269.09,"focusY":-3965.30},"timestamp":16872734658}
{"sessionId":"415652","hypothesisId":"H5","location":"Voxel.cpp:UpdateStreamingChunks","message":"stream_refresh","data":{"cx":-97,"cy":-2,"epoch":100,"chunkEntries":4328,"focusX":-307414.52,"focusY":-4035.12},"timestamp":16872734765}
{"sessionId":"415652","hypothesisId":"H5","location":"Voxel.cpp:UpdateStreamingChunks","message":"stream_refresh","data":{"cx":-98,"cy":-2,"epoch":101,"chunkEntries":4327,"focusX":-311678.56,"focusY":-4173.39},"timestamp":16872734979}
{"sessionId":"415652","hypothesisId":"H5","location":"Voxel.cpp:UpdateStreamingChunks","message":"stream_refresh","data":{"cx":-99,"cy":-2,"epoch":102,"chunkEntries":4326,"focusX":-313809.37,"focusY":-4245.61},"timestamp":16872735084}
{"sessionId":"415652","hypothesisId":"H5","location":"Voxel.cpp:UpdateStreamingChunks","message":"stream_refresh","data":{"cx":-100,"cy":-2,"epoch":103,"chunkEntries":4325,"focusX":-318075.14,"focusY":-4403.62},"timestamp":16872735298}
{"sessionId":"415652","hypothesisId":"H5","location":"Voxel.cpp:UpdateStreamingChunks","message":"stream_refresh","data":{"cx":-101,"cy":-2,"epoch":104,"chunkEntries":4324,"focusX":-320090.74,"focusY":-4480.76},"timestamp":16872735399}
{"sessionId":"415652","hypothesisId":"H3","location":"Voxel.cpp:Tick","message":"snapshot","data":{"runId":"post-fix","lastCx":-101,"lastCy":-2,"epoch":104,"st":{"q":37,"gen":6,"pend":3086,"mesh":6,"ready":1188},"qVox":2408,"qMesh":7340,"actVox":6,"actMesh":6,"defMeshDefer":0,"hasFocus":1,"meshBpThr":0},"timestamp":16872735460}
{"sessionId":"415652","hypothesisId":"H5","location":"Voxel.cpp:UpdateStreamingChunks","message":"stream_refresh","data":{"cx":-102,"cy":-2,"epoch":105,"chunkEntries":4323,"focusX":-324231.87,"focusY":-4639.96},"timestamp":16872735605}
{"sessionId":"415652","hypothesisId":"H5","location":"Voxel.cpp:UpdateStreamingChunks","message":"stream_refresh","data":{"cx":-103,"cy":-2,"epoch":106,"chunkEntries":4322,"focusX":-328320.50,"focusY":-4797.33},"timestamp":16872735810}
{"sessionId":"415652","hypothesisId":"H5","location":"Voxel.cpp:UpdateStreamingChunks","message":"stream_refresh","data":{"cx":-104,"cy":-2,"epoch":107,"chunkEntries":4321,"focusX":-330421.82,"focusY":-4878.22},"timestamp":16872735914}
{"sessionId":"415652","hypothesisId":"H5","location":"Voxel.cpp:UpdateStreamingChunks","message":"stream_refresh","data":{"cx":-105,"cy":-2,"epoch":108,"chunkEntries":4320,"focusX":-334607.97,"focusY":-5039.37},"timestamp":16872736124}
{"sessionId":"415652","hypothesisId":"H5","location":"Voxel.cpp:UpdateStreamingChunks","message":"stream_refresh","data":{"cx":-106,"cy":-2,"epoch":109,"chunkEntries":4319,"focusX":-336671.89,"focusY":-5118.82},"timestamp":16872736229}
{"sessionId":"415652","hypothesisId":"H5","location":"Voxel.cpp:UpdateStreamingChunks","message":"stream_refresh","data":{"cx":-107,"cy":-2,"epoch":110,"chunkEntries":4318,"focusX":-340857.45,"focusY":-5279.94},"timestamp":16872736437}
{"sessionId":"415652","hypothesisId":"H3","location":"Voxel.cpp:Tick","message":"snapshot","data":{"runId":"post-fix","lastCx":-107,"lastCy":-2,"epoch":110,"st":{"q":55,"gen":4,"pend":3013,"mesh":8,"ready":1237},"qVox":2426,"qMesh":7663,"actVox":4,"actMesh":8,"defMeshDefer":0,"hasFocus":1,"meshBpThr":0},"timestamp":16872736469}
{"sessionId":"415652","hypothesisId":"H5","location":"Voxel.cpp:UpdateStreamingChunks","message":"stream_refresh","data":{"cx":-108,"cy":-2,"epoch":111,"chunkEntries":4317,"focusX":-342959.51,"focusY":-5360.86},"timestamp":16872736542}
{"sessionId":"415652","hypothesisId":"H5","location":"Voxel.cpp:UpdateStreamingChunks","message":"stream_refresh","data":{"cx":-109,"cy":-2,"epoch":112,"chunkEntries":4316,"focusX":-347054.53,"focusY":-5518.50},"timestamp":16872736746}
{"sessionId":"415652","hypothesisId":"H5","location":"Voxel.cpp:UpdateStreamingChunks","message":"stream_refresh","data":{"cx":-110,"cy":-2,"epoch":113,"chunkEntries":4315,"focusX":-349082.01,"focusY":-5596.55},"timestamp":16872736849}
{"sessionId":"415652","hypothesisId":"H5","location":"Voxel.cpp:UpdateStreamingChunks","message":"stream_refresh","data":{"cx":-111,"cy":-2,"epoch":114,"chunkEntries":4314,"focusX":-353357.04,"focusY":-5761.12},"timestamp":16872737062}
{"sessionId":"415652","hypothesisId":"H5","location":"Voxel.cpp:UpdateStreamingChunks","message":"stream_refresh","data":{"cx":-112,"cy":-2,"epoch":115,"chunkEntries":4313,"focusX":-355414.42,"focusY":-5840.32},"timestamp":16872737166}
{"sessionId":"415652","hypothesisId":"H5","location":"Voxel.cpp:UpdateStreamingChunks","message":"stream_refresh","data":{"cx":-113,"cy":-2,"epoch":116,"chunkEntries":4312,"focusX":-359636.41,"focusY":-6002.84},"timestamp":16872737376}
{"sessionId":"415652","hypothesisId":"H3","location":"Voxel.cpp:Tick","message":"snapshot","data":{"runId":"post-fix","lastCx":-113,"lastCy":-2,"epoch":116,"st":{"q":20,"gen":6,"pend":2993,"mesh":6,"ready":1286},"qVox":2391,"qMesh":8039,"actVox":6,"actMesh":6,"defMeshDefer":0,"hasFocus":1,"meshBpThr":0},"timestamp":16872737470}
{"sessionId":"415652","hypothesisId":"H5","location":"Voxel.cpp:UpdateStreamingChunks","message":"stream_refresh","data":{"cx":-114,"cy":-2,"epoch":117,"chunkEntries":4311,"focusX":-361638.32,"focusY":-6079.91},"timestamp":16872737478}
{"sessionId":"415652","hypothesisId":"H5","location":"Voxel.cpp:UpdateStreamingChunks","message":"stream_refresh","data":{"cx":-115,"cy":-2,"epoch":118,"chunkEntries":4310,"focusX":-365908.38,"focusY":-6244.28},"timestamp":16872737692}
{"sessionId":"415652","hypothesisId":"H5","location":"Voxel.cpp:UpdateStreamingChunks","message":"stream_refresh","data":{"cx":-116,"cy":-3,"epoch":119,"chunkEntries":4309,"focusX":-370045.26,"focusY":-6403.53},"timestamp":16872737898}
{"sessionId":"415652","hypothesisId":"H5","location":"Voxel.cpp:UpdateStreamingChunks","message":"stream_refresh","data":{"cx":-117,"cy":-3,"epoch":120,"chunkEntries":4354,"focusX":-372187.64,"focusY":-6486.01},"timestamp":16872738006}
{"sessionId":"415652","hypothesisId":"H5","location":"Voxel.cpp:UpdateStreamingChunks","message":"stream_refresh","data":{"cx":-118,"cy":-3,"epoch":121,"chunkEntries":4354,"focusX":-376394.83,"focusY":-6647.96},"timestamp":16872738215}
{"sessionId":"415652","hypothesisId":"H5","location":"Voxel.cpp:UpdateStreamingChunks","message":"stream_refresh","data":{"cx":-119,"cy":-3,"epoch":122,"chunkEntries":4353,"focusX":-378542.12,"focusY":-6730.62},"timestamp":16872738322}
{"sessionId":"415652","hypothesisId":"H3","location":"Voxel.cpp:Tick","message":"snapshot","data":{"runId":"post-fix","lastCx":-119,"lastCy":-3,"epoch":122,"st":{"q":0,"gen":0,"pend":3008,"mesh":12,"ready":1332},"qVox":2373,"qMesh":8465,"actVox":0,"actMesh":12,"defMeshDefer":0,"hasFocus":1,"meshBpThr":0},"timestamp":16872738479}
{"sessionId":"415652","hypothesisId":"H5","location":"Voxel.cpp:UpdateStreamingChunks","message":"stream_refresh","data":{"cx":-120,"cy":-3,"epoch":123,"chunkEntries":4352,"focusX":-382726.45,"focusY":-6891.70},"timestamp":16872738533}
{"sessionId":"415652","hypothesisId":"H5","location":"Voxel.cpp:UpdateStreamingChunks","message":"stream_refresh","data":{"cx":-121,"cy":-3,"epoch":124,"chunkEntries":4351,"focusX":-384798.11,"focusY":-6971.45},"timestamp":16872738636}
{"sessionId":"415652","hypothesisId":"H5","location":"Voxel.cpp:UpdateStreamingChunks","message":"stream_refresh","data":{"cx":-122,"cy":-3,"epoch":125,"chunkEntries":4350,"focusX":-388891.12,"focusY":-7129.01},"timestamp":16872738840}
{"sessionId":"415652","hypothesisId":"H5","location":"Voxel.cpp:UpdateStreamingChunks","message":"stream_refresh","data":{"cx":-123,"cy":-3,"epoch":126,"chunkEntries":4349,"focusX":-390974.26,"focusY":-7209.20},"timestamp":16872738944}
{"sessionId":"415652","hypothesisId":"H5","location":"Voxel.cpp:UpdateStreamingChunks","message":"stream_refresh","data":{"cx":-124,"cy":-3,"epoch":127,"chunkEntries":4348,"focusX":-395101.78,"focusY":-7368.09},"timestamp":16872739151}
{"sessionId":"415652","hypothesisId":"H5","location":"Voxel.cpp:UpdateStreamingChunks","message":"stream_refresh","data":{"cx":-125,"cy":-3,"epoch":128,"chunkEntries":4347,"focusX":-397162.91,"focusY":-7447.44},"timestamp":16872739255}
{"sessionId":"415652","hypothesisId":"H5","location":"Voxel.cpp:UpdateStreamingChunks","message":"stream_refresh","data":{"cx":-126,"cy":-3,"epoch":129,"chunkEntries":4346,"focusX":-401198.33,"focusY":-7602.78},"timestamp":16872739456}
{"sessionId":"415652","hypothesisId":"H3","location":"Voxel.cpp:Tick","message":"snapshot","data":{"runId":"post-fix","lastCx":-126,"lastCy":-3,"epoch":129,"st":{"q":55,"gen":4,"pend":2943,"mesh":8,"ready":1335},"qVox":2428,"qMesh":8862,"actVox":4,"actMesh":8,"defMeshDefer":0,"hasFocus":1,"meshBpThr":0},"timestamp":16872739487}
{"sessionId":"415652","hypothesisId":"H5","location":"Voxel.cpp:UpdateStreamingChunks","message":"stream_refresh","data":{"cx":-127,"cy":-3,"epoch":130,"chunkEntries":4345,"focusX":-403333.80,"focusY":-7684.98},"timestamp":16872739565}
{"sessionId":"415652","hypothesisId":"H5","location":"Voxel.cpp:UpdateStreamingChunks","message":"stream_refresh","data":{"cx":-128,"cy":-3,"epoch":131,"chunkEntries":4344,"focusX":-407599.33,"focusY":-7849.19},"timestamp":16872739776}
{"sessionId":"415652","hypothesisId":"H5","location":"Voxel.cpp:UpdateStreamingChunks","message":"stream_refresh","data":{"cx":-129,"cy":-3,"epoch":132,"chunkEntries":4343,"focusX":-409755.72,"focusY":-7932.20},"timestamp":16872739886}
{"sessionId":"415652","hypothesisId":"H5","location":"Voxel.cpp:UpdateStreamingChunks","message":"stream_refresh","data":{"cx":-130,"cy":-3,"epoch":133,"chunkEntries":4342,"focusX":-414026.68,"focusY":-8096.61},"timestamp":16872740098}
{"sessionId":"415652","hypothesisId":"H5","location":"Voxel.cpp:UpdateStreamingChunks","message":"stream_refresh","data":{"cx":-131,"cy":-3,"epoch":134,"chunkEntries":4341,"focusX":-416168.23,"focusY":-8179.05},"timestamp":16872740208}
{"sessionId":"415652","hypothesisId":"H5","location":"Voxel.cpp:UpdateStreamingChunks","message":"stream_refresh","data":{"cx":-132,"cy":-3,"epoch":135,"chunkEntries":4340,"focusX":-420455.93,"focusY":-8344.11},"timestamp":16872740419}
{"sessionId":"415652","hypothesisId":"H3","location":"Voxel.cpp:Tick","message":"snapshot","data":{"runId":"post-fix","lastCx":-132,"lastCy":-3,"epoch":135,"st":{"q":26,"gen":6,"pend":3021,"mesh":6,"ready":1280},"qVox":2399,"qMesh":9336,"actVox":6,"actMesh":6,"defMeshDefer":0,"hasFocus":1,"meshBpThr":0},"timestamp":16872740494}
{"sessionId":"415652","hypothesisId":"H5","location":"Voxel.cpp:UpdateStreamingChunks","message":"stream_refresh","data":{"cx":-133,"cy":-3,"epoch":136,"chunkEntries":4339,"focusX":-422486.75,"focusY":-8422.28},"timestamp":16872740522}
{"sessionId":"415652","hypothesisId":"H5","location":"Voxel.cpp:UpdateStreamingChunks","message":"stream_refresh","data":{"cx":-134,"cy":-3,"epoch":137,"chunkEntries":4338,"focusX":-426745.27,"focusY":-8586.22},"timestamp":16872740735}
{"sessionId":"415652","hypothesisId":"H5","location":"Voxel.cpp:UpdateStreamingChunks","message":"stream_refresh","data":{"cx":-135,"cy":-3,"epoch":138,"chunkEntries":4337,"focusX":-428831.07,"focusY":-8666.51},"timestamp":16872740839}
{"sessionId":"415652","hypothesisId":"H5","location":"Voxel.cpp:UpdateStreamingChunks","message":"stream_refresh","data":{"cx":-136,"cy":-3,"epoch":139,"chunkEntries":4336,"focusX":-432996.41,"focusY":-8826.85},"timestamp":16872741049}
{"sessionId":"415652","hypothesisId":"H5","location":"Voxel.cpp:UpdateStreamingChunks","message":"stream_refresh","data":{"cx":-137,"cy":-3,"epoch":140,"chunkEntries":4335,"focusX":-437192.74,"focusY":-8988.39},"timestamp":16872741257}
{"sessionId":"415652","hypothesisId":"H5","location":"Voxel.cpp:UpdateStreamingChunks","message":"stream_refresh","data":{"cx":-138,"cy":-3,"epoch":141,"chunkEntries":4334,"focusX":-439217.76,"focusY":-9066.35},"timestamp":16872741359}
{"sessionId":"415652","hypothesisId":"H3","location":"Voxel.cpp:Tick","message":"snapshot","data":{"runId":"post-fix","lastCx":-138,"lastCy":-3,"epoch":141,"st":{"q":0,"gen":0,"pend":3166,"mesh":12,"ready":1155},"qVox":2373,"qMesh":9877,"actVox":0,"actMesh":12,"defMeshDefer":0,"hasFocus":1,"meshBpThr":0},"timestamp":16872741496}
{"sessionId":"415652","hypothesisId":"H5","location":"Voxel.cpp:UpdateStreamingChunks","message":"stream_refresh","data":{"cx":-139,"cy":-3,"epoch":142,"chunkEntries":4333,"focusX":-443489.07,"focusY":-9230.77},"timestamp":16872741573}
{"sessionId":"415652","hypothesisId":"H5","location":"Voxel.cpp:UpdateStreamingChunks","message":"stream_refresh","data":{"cx":-140,"cy":-3,"epoch":143,"chunkEntries":4332,"focusX":-445608.46,"focusY":-9312.36},"timestamp":16872741681}
{"sessionId":"415652","hypothesisId":"H5","location":"Voxel.cpp:UpdateStreamingChunks","message":"stream_refresh","data":{"cx":-141,"cy":-3,"epoch":144,"chunkEntries":4331,"focusX":-449838.43,"focusY":-9475.19},"timestamp":16872741890}
{"sessionId":"415652","hypothesisId":"H5","location":"Voxel.cpp:UpdateStreamingChunks","message":"stream_refresh","data":{"cx":-142,"cy":-3,"epoch":145,"chunkEntries":4330,"focusX":-451869.59,"focusY":-9553.38},"timestamp":16872741991}
{"sessionId":"415652","hypothesisId":"H5","location":"Voxel.cpp:UpdateStreamingChunks","message":"stream_refresh","data":{"cx":-142,"cy":-4,"epoch":146,"chunkEntries":4329,"focusX":-453973.26,"focusY":-9634.36},"timestamp":16872742097}
{"sessionId":"415652","hypothesisId":"H5","location":"Voxel.cpp:UpdateStreamingChunks","message":"stream_refresh","data":{"cx":-143,"cy":-4,"epoch":147,"chunkEntries":4355,"focusX":-456056.18,"focusY":-9714.55},"timestamp":16872742202}
{"sessionId":"415652","hypothesisId":"H5","location":"Voxel.cpp:UpdateStreamingChunks","message":"stream_refresh","data":{"cx":-144,"cy":-4,"epoch":148,"chunkEntries":4355,"focusX":-458203.77,"focusY":-9797.22},"timestamp":16872742308}
{"sessionId":"415652","hypothesisId":"H3","location":"Voxel.cpp:Tick","message":"snapshot","data":{"runId":"post-fix","lastCx":-144,"lastCy":-4,"epoch":148,"st":{"q":0,"gen":0,"pend":3321,"mesh":12,"ready":1021},"qVox":2374,"qMesh":10465,"actVox":0,"actMesh":12,"defMeshDefer":0,"hasFocus":1,"meshBpThr":0},"timestamp":16872742501}
{"sessionId":"415652","hypothesisId":"H5","location":"Voxel.cpp:UpdateStreamingChunks","message":"stream_refresh","data":{"cx":-145,"cy":-4,"epoch":149,"chunkEntries":4354,"focusX":-462375.66,"focusY":-9957.82},"timestamp":16872742518}
{"sessionId":"415652","hypothesisId":"H5","location":"Voxel.cpp:UpdateStreamingChunks","message":"stream_refresh","data":{"cx":-146,"cy":-4,"epoch":150,"chunkEntries":4353,"focusX":-464398.98,"focusY":-10035.70},"timestamp":16872742619}
{"sessionId":"415652","hypothesisId":"H5","location":"Voxel.cpp:UpdateStreamingChunks","message":"stream_refresh","data":{"cx":-147,"cy":-4,"epoch":151,"chunkEntries":4352,"focusX":-468681.40,"focusY":-10200.56},"timestamp":16872742833}
{"sessionId":"415652","hypothesisId":"H5","location":"Voxel.cpp:UpdateStreamingChunks","message":"stream_refresh","data":{"cx":-148,"cy":-4,"epoch":152,"chunkEntries":4351,"focusX":-470696.75,"focusY":-10278.14},"timestamp":16872742935}
{"sessionId":"415652","hypothesisId":"H5","location":"Voxel.cpp:UpdateStreamingChunks","message":"stream_refresh","data":{"cx":-149,"cy":-4,"epoch":153,"chunkEntries":4350,"focusX":-474908.06,"focusY":-10440.25},"timestamp":16872743144}
{"sessionId":"415652","hypothesisId":"H5","location":"Voxel.cpp:UpdateStreamingChunks","message":"stream_refresh","data":{"cx":-150,"cy":-4,"epoch":154,"chunkEntries":4349,"focusX":-476911.51,"focusY":-10517.38},"timestamp":16872743245}
{"sessionId":"415652","hypothesisId":"H5","location":"Voxel.cpp:UpdateStreamingChunks","message":"stream_refresh","data":{"cx":-151,"cy":-4,"epoch":155,"chunkEntries":4348,"focusX":-481043.81,"focusY":-10676.45},"timestamp":16872743452}
{"sessionId":"415652","hypothesisId":"H3","location":"Voxel.cpp:Tick","message":"snapshot","data":{"runId":"post-fix","lastCx":-151,"lastCy":-4,"epoch":155,"st":{"q":44,"gen":6,"pend":3397,"mesh":6,"ready":894},"qVox":2418,"qMesh":11003,"actVox":6,"actMesh":6,"defMeshDefer":0,"hasFocus":1,"meshBpThr":0},"timestamp":16872743504}
{"sessionId":"415652","hypothesisId":"H5","location":"Voxel.cpp:UpdateStreamingChunks","message":"stream_refresh","data":{"cx":-152,"cy":-4,"epoch":156,"chunkEntries":4347,"focusX":-485253.75,"focusY":-10838.51},"timestamp":16872743662}
{"sessionId":"415652","hypothesisId":"H5","location":"Voxel.cpp:UpdateStreamingChunks","message":"stream_refresh","data":{"cx":-153,"cy":-4,"epoch":157,"chunkEntries":4346,"focusX":-487267.35,"focusY":-10916.03},"timestamp":16872743763}
{"sessionId":"415652","hypothesisId":"H5","location":"Voxel.cpp:UpdateStreamingChunks","message":"stream_refresh","data":{"cx":-154,"cy":-4,"epoch":158,"chunkEntries":4345,"focusX":-491476.77,"focusY":-11078.07},"timestamp":16872743973}
{"sessionId":"415652","hypothesisId":"H5","location":"Voxel.cpp:UpdateStreamingChunks","message":"stream_refresh","data":{"cx":-155,"cy":-4,"epoch":159,"chunkEntries":4344,"focusX":-493518.44,"focusY":-11156.66},"timestamp":16872744076}
{"sessionId":"415652","hypothesisId":"H5","location":"Voxel.cpp:UpdateStreamingChunks","message":"stream_refresh","data":{"cx":-156,"cy":-4,"epoch":160,"chunkEntries":4343,"focusX":-497766.63,"focusY":-11320.20},"timestamp":16872744288}
{"sessionId":"415652","hypothesisId":"H5","location":"Voxel.cpp:UpdateStreamingChunks","message":"stream_refresh","data":{"cx":-157,"cy":-4,"epoch":161,"chunkEntries":4342,"focusX":-499799.72,"focusY":-11398.46},"timestamp":16872744390}
{"sessionId":"415652","hypothesisId":"H3","location":"Voxel.cpp:Tick","message":"snapshot","data":{"runId":"post-fix","lastCx":-157,"lastCy":-4,"epoch":161,"st":{"q":1,"gen":6,"pend":3497,"mesh":6,"ready":831},"qVox":2375,"qMesh":11499,"actVox":6,"actMesh":6,"defMeshDefer":0,"hasFocus":1,"meshBpThr":0},"timestamp":16872744505}
{"sessionId":"415652","hypothesisId":"H5","location":"Voxel.cpp:UpdateStreamingChunks","message":"stream_refresh","data":{"cx":-158,"cy":-4,"epoch":162,"chunkEntries":4341,"focusX":-503894.97,"focusY":-11556.11},"timestamp":16872744595}
{"sessionId":"415652","hypothesisId":"H5","location":"Voxel.cpp:UpdateStreamingChunks","message":"stream_refresh","data":{"cx":-159,"cy":-4,"epoch":163,"chunkEntries":4340,"focusX":-505971.68,"focusY":-11636.06},"timestamp":16872744698}
{"sessionId":"415652","hypothesisId":"H5","location":"Voxel.cpp:UpdateStreamingChunks","message":"stream_refresh","data":{"cx":-160,"cy":-4,"epoch":164,"chunkEntries":4339,"focusX":-510225.85,"focusY":-11799.82},"timestamp":16872744912}
{"sessionId":"415652","hypothesisId":"H5","location":"Voxel.cpp:UpdateStreamingChunks","message":"stream_refresh","data":{"cx":-161,"cy":-4,"epoch":165,"chunkEntries":4338,"focusX":-512265.46,"focusY":-11878.34},"timestamp":16872745014}
{"sessionId":"415652","hypothesisId":"H5","location":"Voxel.cpp:UpdateStreamingChunks","message":"stream_refresh","data":{"cx":-162,"cy":-4,"epoch":166,"chunkEntries":4337,"focusX":-516525.60,"focusY":-12042.33},"timestamp":16872745227}
{"sessionId":"415652","hypothesisId":"H5","location":"Voxel.cpp:UpdateStreamingChunks","message":"stream_refresh","data":{"cx":-163,"cy":-4,"epoch":167,"chunkEntries":4336,"focusX":-518557.35,"focusY":-12120.54},"timestamp":16872745330}
{"sessionId":"415652","hypothesisId":"H3","location":"Voxel.cpp:Tick","message":"snapshot","data":{"runId":"post-fix","lastCx":-163,"lastCy":-4,"epoch":167,"st":{"q":0,"gen":0,"pend":3535,"mesh":12,"ready":788},"qVox":2374,"qMesh":11933,"actVox":0,"actMesh":12,"defMeshDefer":0,"hasFocus":1,"meshBpThr":0},"timestamp":16872745506}
{"sessionId":"415652","hypothesisId":"H5","location":"Voxel.cpp:UpdateStreamingChunks","message":"stream_refresh","data":{"cx":-164,"cy":-4,"epoch":168,"chunkEntries":4335,"focusX":-522839.65,"focusY":-12285.39},"timestamp":16872745545}
{"sessionId":"415652","hypothesisId":"H5","location":"Voxel.cpp:UpdateStreamingChunks","message":"stream_refresh","data":{"cx":-165,"cy":-4,"epoch":169,"chunkEntries":4334,"focusX":-524906.39,"focusY":-12364.95},"timestamp":16872745647}
{"sessionId":"415652","hypothesisId":"H5","location":"Voxel.cpp:UpdateStreamingChunks","message":"stream_refresh","data":{"cx":-166,"cy":-4,"epoch":170,"chunkEntries":4333,"focusX":-528989.10,"focusY":-12522.12},"timestamp":16872745851}
{"sessionId":"415652","hypothesisId":"H5","location":"Voxel.cpp:UpdateStreamingChunks","message":"stream_refresh","data":{"cx":-167,"cy":-4,"epoch":171,"chunkEntries":4332,"focusX":-533158.90,"focusY":-12682.63},"timestamp":16872746059}
{"sessionId":"415652","hypothesisId":"H5","location":"Voxel.cpp:UpdateStreamingChunks","message":"stream_refresh","data":{"cx":-168,"cy":-4,"epoch":172,"chunkEntries":4331,"focusX":-535303.08,"focusY":-12765.17},"timestamp":16872746168}
{"sessionId":"415652","hypothesisId":"H5","location":"Voxel.cpp:UpdateStreamingChunks","message":"stream_refresh","data":{"cx":-168,"cy":-5,"epoch":173,"chunkEntries":4330,"focusX":-537326.25,"focusY":-12843.06},"timestamp":16872746269}
{"sessionId":"415652","hypothesisId":"H5","location":"Voxel.cpp:UpdateStreamingChunks","message":"stream_refresh","data":{"cx":-169,"cy":-5,"epoch":174,"chunkEntries":4355,"focusX":-539484.63,"focusY":-12926.14},"timestamp":16872746376}
{"sessionId":"415652","hypothesisId":"H5","location":"Voxel.cpp:UpdateStreamingChunks","message":"stream_refresh","data":{"cx":-170,"cy":-5,"epoch":175,"chunkEntries":4355,"focusX":-541585.66,"focusY":-13007.02},"timestamp":16872746482}
{"sessionId":"415652","hypothesisId":"H3","location":"Voxel.cpp:Tick","message":"snapshot","data":{"runId":"post-fix","lastCx":-170,"lastCy":-5,"epoch":175,"st":{"q":63,"gen":6,"pend":3532,"mesh":6,"ready":747},"qVox":2438,"qMesh":12430,"actVox":6,"actMesh":6,"defMeshDefer":0,"hasFocus":1,"meshBpThr":0},"timestamp":16872746507}
{"sessionId":"415652","hypothesisId":"H5","location":"Voxel.cpp:UpdateStreamingChunks","message":"stream_refresh","data":{"cx":-171,"cy":-5,"epoch":176,"chunkEntries":4354,"focusX":-545631.82,"focusY":-13162.78},"timestamp":16872746684}
{"sessionId":"415652","hypothesisId":"H5","location":"Voxel.cpp:UpdateStreamingChunks","message":"stream_refresh","data":{"cx":-172,"cy":-5,"epoch":177,"chunkEntries":4353,"focusX":-547661.53,"focusY":-13240.92},"timestamp":16872746785}
{"sessionId":"415652","hypothesisId":"H5","location":"Voxel.cpp:UpdateStreamingChunks","message":"stream_refresh","data":{"cx":-173,"cy":-5,"epoch":178,"chunkEntries":4352,"focusX":-551920.91,"focusY":-13404.88},"timestamp":16872746999}
{"sessionId":"415652","hypothesisId":"H5","location":"Voxel.cpp:UpdateStreamingChunks","message":"stream_refresh","data":{"cx":-174,"cy":-5,"epoch":179,"chunkEntries":4351,"focusX":-553986.61,"focusY":-13484.40},"timestamp":16872747103}
{"sessionId":"415652","hypothesisId":"H5","location":"Voxel.cpp:UpdateStreamingChunks","message":"stream_refresh","data":{"cx":-175,"cy":-5,"epoch":180,"chunkEntries":4350,"focusX":-558237.01,"focusY":-13648.02},"timestamp":16872747314}
{"sessionId":"415652","hypothesisId":"H5","location":"Voxel.cpp:UpdateStreamingChunks","message":"stream_refresh","data":{"cx":-176,"cy":-5,"epoch":181,"chunkEntries":4349,"focusX":-560313.38,"focusY":-13727.95},"timestamp":16872747418}
{"sessionId":"415652","hypothesisId":"H3","location":"Voxel.cpp:Tick","message":"snapshot","data":{"runId":"post-fix","lastCx":-176,"lastCy":-5,"epoch":181,"st":{"q":19,"gen":6,"pend":3600,"mesh":6,"ready":717},"qVox":2394,"qMesh":12894,"actVox":6,"actMesh":6,"defMeshDefer":0,"hasFocus":1,"meshBpThr":0},"timestamp":16872747508}
{"sessionId":"415652","hypothesisId":"H5","location":"Voxel.cpp:UpdateStreamingChunks","message":"stream_refresh","data":{"cx":-177,"cy":-5,"epoch":182,"chunkEntries":4348,"focusX":-564501.04,"focusY":-13889.16},"timestamp":16872747628}
{"sessionId":"415652","hypothesisId":"H5","location":"Voxel.cpp:UpdateStreamingChunks","message":"stream_refresh","data":{"cx":-178,"cy":-5,"epoch":183,"chunkEntries":4347,"focusX":-566571.32,"focusY":-13968.85},"timestamp":16872747732}
{"sessionId":"415652","hypothesisId":"H5","location":"Voxel.cpp:UpdateStreamingChunks","message":"stream_refresh","data":{"cx":-179,"cy":-5,"epoch":184,"chunkEntries":4346,"focusX":-570795.60,"focusY":-14131.47},"timestamp":16872747943}
{"sessionId":"415652","hypothesisId":"H5","location":"Voxel.cpp:UpdateStreamingChunks","message":"stream_refresh","data":{"cx":-180,"cy":-5,"epoch":185,"chunkEntries":4345,"focusX":-572856.36,"focusY":-14210.80},"timestamp":16872748047}
{"sessionId":"415652","hypothesisId":"H5","location":"Voxel.cpp:UpdateStreamingChunks","message":"stream_refresh","data":{"cx":-181,"cy":-5,"epoch":186,"chunkEntries":4344,"focusX":-577008.12,"focusY":-14370.62},"timestamp":16872748254}
{"sessionId":"415652","hypothesisId":"H5","location":"Voxel.cpp:UpdateStreamingChunks","message":"stream_refresh","data":{"cx":-182,"cy":-5,"epoch":187,"chunkEntries":4343,"focusX":-581275.14,"focusY":-14534.88},"timestamp":16872748467}
{"sessionId":"415652","hypothesisId":"H3","location":"Voxel.cpp:Tick","message":"snapshot","data":{"runId":"post-fix","lastCx":-182,"lastCy":-5,"epoch":187,"st":{"q":50,"gen":5,"pend":3576,"mesh":7,"ready":704},"qVox":2425,"qMesh":13266,"actVox":5,"actMesh":7,"defMeshDefer":0,"hasFocus":1,"meshBpThr":0},"timestamp":16872748511}
{"sessionId":"415652","hypothesisId":"H5","location":"Voxel.cpp:UpdateStreamingChunks","message":"stream_refresh","data":{"cx":-183,"cy":-5,"epoch":188,"chunkEntries":4342,"focusX":-583386.16,"focusY":-14616.14},"timestamp":16872748573}
{"sessionId":"415652","hypothesisId":"H5","location":"Voxel.cpp:UpdateStreamingChunks","message":"stream_refresh","data":{"cx":-184,"cy":-5,"epoch":189,"chunkEntries":4341,"focusX":-587723.50,"focusY":-14783.11},"timestamp":16872748789}
{"sessionId":"415652","hypothesisId":"H5","location":"Voxel.cpp:UpdateStreamingChunks","message":"stream_refresh","data":{"cx":-185,"cy":-5,"epoch":190,"chunkEntries":4340,"focusX":-589833.20,"focusY":-14864.33},"timestamp":16872748895}
{"sessionId":"415652","hypothesisId":"H5","location":"Voxel.cpp:UpdateStreamingChunks","message":"stream_refresh","data":{"cx":-186,"cy":-5,"epoch":191,"chunkEntries":4339,"focusX":-594114.22,"focusY":-15029.12},"timestamp":16872749110}
{"sessionId":"415652","hypothesisId":"H5","location":"Voxel.cpp:UpdateStreamingChunks","message":"stream_refresh","data":{"cx":-187,"cy":-5,"epoch":192,"chunkEntries":4338,"focusX":-596127.54,"focusY":-15106.63},"timestamp":16872749210}
{"sessionId":"415652","hypothesisId":"H5","location":"Voxel.cpp:UpdateStreamingChunks","message":"stream_refresh","data":{"cx":-188,"cy":-5,"epoch":193,"chunkEntries":4337,"focusX":-600312.68,"focusY":-15267.74},"timestamp":16872749419}
{"sessionId":"415652","hypothesisId":"H3","location":"Voxel.cpp:Tick","message":"snapshot","data":{"runId":"post-fix","lastCx":-188,"lastCy":-5,"epoch":193,"st":{"q":14,"gen":6,"pend":3612,"mesh":6,"ready":698},"qVox":2389,"qMesh":13698,"actVox":6,"actMesh":6,"defMeshDefer":0,"hasFocus":1,"meshBpThr":0},"timestamp":16872749515}
{"sessionId":"415652","hypothesisId":"H5","location":"Voxel.cpp:UpdateStreamingChunks","message":"stream_refresh","data":{"cx":-189,"cy":-5,"epoch":194,"chunkEntries":4336,"focusX":-602355.74,"focusY":-15346.38},"timestamp":16872749523}
{"sessionId":"415652","hypothesisId":"H5","location":"Voxel.cpp:UpdateStreamingChunks","message":"stream_refresh","data":{"cx":-190,"cy":-5,"epoch":195,"chunkEntries":4335,"focusX":-605577.05,"focusY":-15470.39},"timestamp":16872749742}
{"sessionId":"415652","hypothesisId":"H3","location":"Voxel.cpp:Tick","message":"snapshot","data":{"runId":"post-fix","lastCx":-190,"lastCy":-5,"epoch":195,"st":{"q":0,"gen":0,"pend":3565,"mesh":12,"ready":757},"qVox":2375,"qMesh":13783,"actVox":0,"actMesh":12,"defMeshDefer":0,"hasFocus":1,"meshBpThr":0},"timestamp":16872750518}
{"sessionId":"415652","hypothesisId":"H5","location":"Voxel.cpp:UpdateStreamingChunks","message":"stream_refresh","data":{"cx":-191,"cy":-5,"epoch":196,"chunkEntries":4334,"focusX":-608198.61,"focusY":-15587.86},"timestamp":16872751433}
{"sessionId":"415652","hypothesisId":"H3","location":"Voxel.cpp:Tick","message":"snapshot","data":{"runId":"post-fix","lastCx":-191,"lastCy":-5,"epoch":196,"st":{"q":20,"gen":6,"pend":3457,"mesh":6,"ready":844},"qVox":2395,"qMesh":13741,"actVox":6,"actMesh":6,"defMeshDefer":0,"hasFocus":1,"meshBpThr":0},"timestamp":16872751519}
{"sessionId":"415652","hypothesisId":"H5","location":"Voxel.cpp:UpdateStreamingChunks","message":"stream_refresh","data":{"cx":-192,"cy":-5,"epoch":197,"chunkEntries":4333,"focusX":-611896.55,"focusY":-15682.65},"timestamp":16872751640}
{"sessionId":"415652","hypothesisId":"H5","location":"Voxel.cpp:UpdateStreamingChunks","message":"stream_refresh","data":{"cx":-193,"cy":-5,"epoch":198,"chunkEntries":4332,"focusX":-616028.74,"focusY":-15698.46},"timestamp":16872751847}
{"sessionId":"415652","hypothesisId":"H5","location":"Voxel.cpp:UpdateStreamingChunks","message":"stream_refresh","data":{"cx":-194,"cy":-5,"epoch":199,"chunkEntries":4331,"focusX":-618082.10,"focusY":-15704.27},"timestamp":16872751950}
{"sessionId":"415652","hypothesisId":"H5","location":"Voxel.cpp:UpdateStreamingChunks","message":"stream_refresh","data":{"cx":-195,"cy":-5,"epoch":200,"chunkEntries":4330,"focusX":-622266.91,"focusY":-15737.82},"timestamp":16872752159}
{"sessionId":"415652","hypothesisId":"H5","location":"Voxel.cpp:UpdateStreamingChunks","message":"stream_refresh","data":{"cx":-196,"cy":-5,"epoch":201,"chunkEntries":4329,"focusX":-624327.46,"focusY":-15771.68},"timestamp":16872752261}
{"sessionId":"415652","hypothesisId":"H5","location":"Voxel.cpp:UpdateStreamingChunks","message":"stream_refresh","data":{"cx":-197,"cy":-5,"epoch":202,"chunkEntries":4328,"focusX":-628530.48,"focusY":-15847.93},"timestamp":16872752471}
{"sessionId":"415652","hypothesisId":"H3","location":"Voxel.cpp:Tick","message":"snapshot","data":{"runId":"post-fix","lastCx":-197,"lastCy":-5,"epoch":202,"st":{"q":44,"gen":6,"pend":3428,"mesh":6,"ready":843},"qVox":2419,"qMesh":14108,"actVox":6,"actMesh":6,"defMeshDefer":0,"hasFocus":1,"meshBpThr":0},"timestamp":16872752520}
{"sessionId":"415652","hypothesisId":"H5","location":"Voxel.cpp:UpdateStreamingChunks","message":"stream_refresh","data":{"cx":-198,"cy":-5,"epoch":203,"chunkEntries":4327,"focusX":-630603.44,"focusY":-15886.35},"timestamp":16872752576}
{"sessionId":"415652","hypothesisId":"H5","location":"Voxel.cpp:UpdateStreamingChunks","message":"stream_refresh","data":{"cx":-199,"cy":-5,"epoch":204,"chunkEntries":4326,"focusX":-634861.27,"focusY":-15965.52},"timestamp":16872752788}
{"sessionId":"415652","hypothesisId":"H5","location":"Voxel.cpp:UpdateStreamingChunks","message":"stream_refresh","data":{"cx":-200,"cy":-6,"epoch":205,"chunkEntries":4325,"focusX":-636893.02,"focusY":-16003.32},"timestamp":16872752889}
{"sessionId":"415652","hypothesisId":"H5","location":"Voxel.cpp:UpdateStreamingChunks","message":"stream_refresh","data":{"cx":-201,"cy":-6,"epoch":206,"chunkEntries":4354,"focusX":-641012.49,"focusY":-16079.98},"timestamp":16872753096}
{"sessionId":"415652","hypothesisId":"H5","location":"Voxel.cpp:UpdateStreamingChunks","message":"stream_refresh","data":{"cx":-202,"cy":-6,"epoch":207,"chunkEntries":4354,"focusX":-645139.67,"focusY":-16156.78},"timestamp":16872753302}
{"sessionId":"415652","hypothesisId":"H5","location":"Voxel.cpp:UpdateStreamingChunks","message":"stream_refresh","data":{"cx":-203,"cy":-6,"epoch":208,"chunkEntries":4353,"focusX":-647212.91,"focusY":-16195.36},"timestamp":16872753407}
{"sessionId":"415652","hypothesisId":"H3","location":"Voxel.cpp:Tick","message":"snapshot","data":{"runId":"post-fix","lastCx":-203,"lastCy":-6,"epoch":208,"st":{"q":7,"gen":6,"pend":3493,"mesh":6,"ready":840},"qVox":2382,"qMesh":14602,"actVox":6,"actMesh":6,"defMeshDefer":0,"hasFocus":1,"meshBpThr":0},"timestamp":16872753524}
{"sessionId":"415652","hypothesisId":"H5","location":"Voxel.cpp:UpdateStreamingChunks","message":"stream_refresh","data":{"cx":-204,"cy":-6,"epoch":209,"chunkEntries":4352,"focusX":-651446.59,"focusY":-16274.15},"timestamp":16872753618}
{"sessionId":"415652","hypothesisId":"H5","location":"Voxel.cpp:UpdateStreamingChunks","message":"stream_refresh","data":{"cx":-205,"cy":-6,"epoch":210,"chunkEntries":4351,"focusX":-653515.31,"focusY":-16312.64},"timestamp":16872753720}
{"sessionId":"415652","hypothesisId":"H5","location":"Voxel.cpp:UpdateStreamingChunks","message":"stream_refresh","data":{"cx":-206,"cy":-6,"epoch":211,"chunkEntries":4350,"focusX":-657639.22,"focusY":-16389.38},"timestamp":16872753927}
{"sessionId":"415652","hypothesisId":"H5","location":"Voxel.cpp:UpdateStreamingChunks","message":"stream_refresh","data":{"cx":-207,"cy":-6,"epoch":212,"chunkEntries":4349,"focusX":-659756.71,"focusY":-16428.79},"timestamp":16872754034}
{"sessionId":"415652","hypothesisId":"H5","location":"Voxel.cpp:UpdateStreamingChunks","message":"stream_refresh","data":{"cx":-208,"cy":-6,"epoch":213,"chunkEntries":4348,"focusX":-663740.57,"focusY":-16502.92},"timestamp":16872754240}
{"sessionId":"415652","hypothesisId":"H5","location":"Voxel.cpp:UpdateStreamingChunks","message":"stream_refresh","data":{"cx":-209,"cy":-6,"epoch":214,"chunkEntries":4347,"focusX":-666020.14,"focusY":-16545.34},"timestamp":16872754465}
{"sessionId":"415652","hypothesisId":"H3","location":"Voxel.cpp:Tick","message":"snapshot","data":{"runId":"post-fix","lastCx":-209,"lastCy":-6,"epoch":214,"st":{"q":59,"gen":3,"pend":3445,"mesh":9,"ready":830},"qVox":2434,"qMesh":14950,"actVox":3,"actMesh":9,"defMeshDefer":0,"hasFocus":1,"meshBpThr":0},"timestamp":16872754529}
{"sessionId":"415652","hypothesisId":"H3","location":"Voxel.cpp:Tick","message":"snapshot","data":{"runId":"post-fix","lastCx":-209,"lastCy":-6,"epoch":214,"st":{"q":0,"gen":0,"pend":3419,"mesh":12,"ready":915},"qVox":2375,"qMesh":14924,"actVox":0,"actMesh":12,"defMeshDefer":0,"hasFocus":1,"meshBpThr":0},"timestamp":16872755533}
{"sessionId":"415652","hypothesisId":"H3","location":"Voxel.cpp:Tick","message":"snapshot","data":{"runId":"post-fix","lastCx":-209,"lastCy":-6,"epoch":214,"st":{"q":0,"gen":0,"pend":3318,"mesh":12,"ready":1016},"qVox":2375,"qMesh":14823,"actVox":0,"actMesh":12,"defMeshDefer":0,"hasFocus":1,"meshBpThr":0},"timestamp":16872756534}
{"sessionId":"415652","hypothesisId":"H5","location":"Voxel.cpp:UpdateStreamingChunks","message":"stream_refresh","data":{"cx":-210,"cy":-5,"epoch":215,"chunkEntries":4346,"focusX":-669011.82,"focusY":-15850.50},"timestamp":16872757391}
{"sessionId":"415652","hypothesisId":"H3","location":"Voxel.cpp:Tick","message":"snapshot","data":{"runId":"post-fix","lastCx":-210,"lastCy":-5,"epoch":215,"st":{"q":0,"gen":0,"pend":3250,"mesh":11,"ready":1094},"qVox":2375,"qMesh":14821,"actVox":0,"actMesh":11,"defMeshDefer":0,"hasFocus":1,"meshBpThr":0},"timestamp":16872757544}
{"sessionId":"415652","hypothesisId":"H5","location":"Voxel.cpp:UpdateStreamingChunks","message":"stream_refresh","data":{"cx":-211,"cy":-5,"epoch":216,"chunkEntries":4355,"focusX":-672976.87,"focusY":-15034.12},"timestamp":16872757599}
{"sessionId":"415652","hypothesisId":"H5","location":"Voxel.cpp:UpdateStreamingChunks","message":"stream_refresh","data":{"cx":-212,"cy":-5,"epoch":217,"chunkEntries":4354,"focusX":-677072.92,"focusY":-14231.76},"timestamp":16872757809}
{"sessionId":"415652","hypothesisId":"H5","location":"Voxel.cpp:UpdateStreamingChunks","message":"stream_refresh","data":{"cx":-213,"cy":-5,"epoch":218,"chunkEntries":4353,"focusX":-679174.12,"focusY":-13891.68},"timestamp":16872757913}
{"sessionId":"415652","hypothesisId":"H5","location":"Voxel.cpp:UpdateStreamingChunks","message":"stream_refresh","data":{"cx":-214,"cy":-5,"epoch":219,"chunkEntries":4352,"focusX":-683375.16,"focusY":-13521.46},"timestamp":16872758124}
{"sessionId":"415652","hypothesisId":"H5","location":"Voxel.cpp:UpdateStreamingChunks","message":"stream_refresh","data":{"cx":-215,"cy":-5,"epoch":220,"chunkEntries":4351,"focusX":-685433.79,"focusY":-13384.58},"timestamp":16872758229}
{"sessionId":"415652","hypothesisId":"H5","location":"Voxel.cpp:UpdateStreamingChunks","message":"stream_refresh","data":{"cx":-216,"cy":-5,"epoch":221,"chunkEntries":4350,"focusX":-689788.88,"focusY":-13109.05},"timestamp":16872758446}
{"sessionId":"415652","hypothesisId":"H5","location":"Voxel.cpp:UpdateStreamingChunks","message":"stream_refresh","data":{"cx":-217,"cy":-5,"epoch":222,"chunkEntries":4349,"focusX":-691853.25,"focusY":-12981.90},"timestamp":16872758550}
{"sessionId":"415652","hypothesisId":"H3","location":"Voxel.cpp:Tick","message":"snapshot","data":{"runId":"post-fix","lastCx":-217,"lastCy":-5,"epoch":222,"st":{"q":73,"gen":6,"pend":3211,"mesh":6,"ready":1052},"qVox":2448,"qMesh":15244,"actVox":6,"actMesh":6,"defMeshDefer":0,"hasFocus":1,"meshBpThr":0},"timestamp":16872758555}
{"sessionId":"415652","hypothesisId":"H5","location":"Voxel.cpp:UpdateStreamingChunks","message":"stream_refresh","data":{"cx":-218,"cy":-4,"epoch":223,"chunkEntries":4348,"focusX":-696070.69,"focusY":-12741.74},"timestamp":16872758762}
{"sessionId":"415652","hypothesisId":"H5","location":"Voxel.cpp:UpdateStreamingChunks","message":"stream_refresh","data":{"cx":-219,"cy":-4,"epoch":224,"chunkEntries":4354,"focusX":-698224.36,"focusY":-12634.04},"timestamp":16872758870}
{"sessionId":"415652","hypothesisId":"H5","location":"Voxel.cpp:UpdateStreamingChunks","message":"stream_refresh","data":{"cx":-220,"cy":-4,"epoch":225,"chunkEntries":4354,"focusX":-702409.94,"focusY":-12444.39},"timestamp":16872759079}
{"sessionId":"415652","hypothesisId":"H5","location":"Voxel.cpp:UpdateStreamingChunks","message":"stream_refresh","data":{"cx":-221,"cy":-4,"epoch":226,"chunkEntries":4353,"focusX":-704455.93,"focusY":-12353.87},"timestamp":16872759181}
{"sessionId":"415652","hypothesisId":"H5","location":"Voxel.cpp:UpdateStreamingChunks","message":"stream_refresh","data":{"cx":-222,"cy":-4,"epoch":227,"chunkEntries":4352,"focusX":-708606.23,"focusY":-12170.90},"timestamp":16872759389}
{"sessionId":"415652","hypothesisId":"H5","location":"Voxel.cpp:UpdateStreamingChunks","message":"stream_refresh","data":{"cx":-223,"cy":-4,"epoch":228,"chunkEntries":4351,"focusX":-710681.09,"focusY":-12079.51},"timestamp":16872759492}
{"sessionId":"415652","hypothesisId":"H3","location":"Voxel.cpp:Tick","message":"snapshot","data":{"runId":"post-fix","lastCx":-223,"lastCy":-4,"epoch":228,"st":{"q":37,"gen":6,"pend":3351,"mesh":6,"ready":950},"qVox":2414,"qMesh":15834,"actVox":6,"actMesh":6,"defMeshDefer":0,"hasFocus":1,"meshBpThr":0},"timestamp":16872759558}
{"sessionId":"415652","hypothesisId":"H5","location":"Voxel.cpp:UpdateStreamingChunks","message":"stream_refresh","data":{"cx":-224,"cy":-4,"epoch":229,"chunkEntries":4350,"focusX":-714736.09,"focusY":-11900.92},"timestamp":16872759696}
{"sessionId":"415652","hypothesisId":"H5","location":"Voxel.cpp:UpdateStreamingChunks","message":"stream_refresh","data":{"cx":-225,"cy":-4,"epoch":230,"chunkEntries":4349,"focusX":-718900.06,"focusY":-11717.54},"timestamp":16872759903}
{"sessionId":"415652","hypothesisId":"H5","location":"Voxel.cpp:UpdateStreamingChunks","message":"stream_refresh","data":{"cx":-226,"cy":-4,"epoch":231,"chunkEntries":4348,"focusX":-721035.17,"focusY":-11623.51},"timestamp":16872760011}
{"sessionId":"415652","hypothesisId":"H5","location":"Voxel.cpp:UpdateStreamingChunks","message":"stream_refresh","data":{"cx":-227,"cy":-4,"epoch":232,"chunkEntries":4347,"focusX":-725123.95,"focusY":-11443.43},"timestamp":16872760216}
{"sessionId":"415652","hypothesisId":"H5","location":"Voxel.cpp:UpdateStreamingChunks","message":"stream_refresh","data":{"cx":-228,"cy":-4,"epoch":233,"chunkEntries":4346,"focusX":-727217.58,"focusY":-11351.23},"timestamp":16872760319}
{"sessionId":"415652","hypothesisId":"H5","location":"Voxel.cpp:UpdateStreamingChunks","message":"stream_refresh","data":{"cx":-229,"cy":-4,"epoch":234,"chunkEntries":4345,"focusX":-731320.29,"focusY":-11170.54},"timestamp":16872760525}
{"sessionId":"415652","hypothesisId":"H3","location":"Voxel.cpp:Tick","message":"snapshot","data":{"runId":"post-fix","lastCx":-229,"lastCy":-4,"epoch":234,"st":{"q":55,"gen":4,"pend":3444,"mesh":8,"ready":833},"qVox":2432,"qMesh":16323,"actVox":4,"actMesh":8,"defMeshDefer":0,"hasFocus":1,"meshBpThr":0},"timestamp":16872760560}
{"sessionId":"415652","hypothesisId":"H5","location":"Voxel.cpp:UpdateStreamingChunks","message":"stream_refresh","data":{"cx":-230,"cy":-4,"epoch":235,"chunkEntries":4344,"focusX":-733457.82,"focusY":-11076.40},"timestamp":16872760633}
{"sessionId":"415652","hypothesisId":"H5","location":"Voxel.cpp:UpdateStreamingChunks","message":"stream_refresh","data":{"cx":-231,"cy":-4,"epoch":236,"chunkEntries":4343,"focusX":-737638.16,"focusY":-10892.30},"timestamp":16872760841}
{"sessionId":"415652","hypothesisId":"H5","location":"Voxel.cpp:UpdateStreamingChunks","message":"stream_refresh","data":{"cx":-232,"cy":-4,"epoch":237,"chunkEntries":4342,"focusX":-739638.43,"focusY":-10804.21},"timestamp":16872760942}
{"sessionId":"415652","hypothesisId":"H5","location":"Voxel.cpp:UpdateStreamingChunks","message":"stream_refresh","data":{"cx":-233,"cy":-4,"epoch":238,"chunkEntries":4341,"focusX":-743757.99,"focusY":-10622.78},"timestamp":16872761148}
{"sessionId":"415652","hypothesisId":"H5","location":"Voxel.cpp:UpdateStreamingChunks","message":"stream_refresh","data":{"cx":-234,"cy":-4,"epoch":239,"chunkEntries":4340,"focusX":-745946.25,"focusY":-10526.41},"timestamp":16872761257}
{"sessionId":"415652","hypothesisId":"H5","location":"Voxel.cpp:UpdateStreamingChunks","message":"stream_refresh","data":{"cx":-235,"cy":-4,"epoch":240,"chunkEntries":4339,"focusX":-750296.15,"focusY":-10334.84},"timestamp":16872761474}
{"sessionId":"415652","hypothesisId":"H3","location":"Voxel.cpp:Tick","message":"snapshot","data":{"runId":"post-fix","lastCx":-235,"lastCy":-4,"epoch":240,"st":{"q":20,"gen":6,"pend":3557,"mesh":6,"ready":749},"qVox":2397,"qMesh":16832,"actVox":6,"actMesh":6,"defMeshDefer":0,"hasFocus":1,"meshBpThr":0},"timestamp":16872761565}
{"sessionId":"415652","hypothesisId":"H5","location":"Voxel.cpp:UpdateStreamingChunks","message":"stream_refresh","data":{"cx":-236,"cy":-4,"epoch":241,"chunkEntries":4338,"focusX":-752452.65,"focusY":-10239.86},"timestamp":16872761584}
{"sessionId":"415652","hypothesisId":"H5","location":"Voxel.cpp:UpdateStreamingChunks","message":"stream_refresh","data":{"cx":-237,"cy":-4,"epoch":242,"chunkEntries":4337,"focusX":-756640.66,"focusY":-10055.42},"timestamp":16872761792}
{"sessionId":"415652","hypothesisId":"H5","location":"Voxel.cpp:UpdateStreamingChunks","message":"stream_refresh","data":{"cx":-238,"cy":-4,"epoch":243,"chunkEntries":4336,"focusX":-758777.46,"focusY":-9961.31},"timestamp":16872761900}
{"sessionId":"415652","hypothesisId":"H5","location":"Voxel.cpp:UpdateStreamingChunks","message":"stream_refresh","data":{"cx":-239,"cy":-4,"epoch":244,"chunkEntries":4335,"focusX":-763058.87,"focusY":-9772.76},"timestamp":16872762116}
{"sessionId":"415652","hypothesisId":"H5","location":"Voxel.cpp:UpdateStreamingChunks","message":"stream_refresh","data":{"cx":-240,"cy":-4,"epoch":245,"chunkEntries":4334,"focusX":-765253.18,"focusY":-9676.12},"timestamp":16872762225}
{"sessionId":"415652","hypothesisId":"H5","location":"Voxel.cpp:UpdateStreamingChunks","message":"stream_refresh","data":{"cx":-240,"cy":-3,"epoch":246,"chunkEntries":4333,"focusX":-767420.07,"focusY":-9580.69},"timestamp":16872762332}
{"sessionId":"415652","hypothesisId":"H5","location":"Voxel.cpp:UpdateStreamingChunks","message":"stream_refresh","data":{"cx":-241,"cy":-3,"epoch":247,"chunkEntries":4355,"focusX":-769476.29,"focusY":-9490.13},"timestamp":16872762435}
{"sessionId":"415652","hypothesisId":"H5","location":"Voxel.cpp:UpdateStreamingChunks","message":"stream_refresh","data":{"cx":-242,"cy":-3,"epoch":248,"chunkEntries":4355,"focusX":-771550.55,"focusY":-9398.78},"timestamp":16872762538}
{"sessionId":"415652","hypothesisId":"H3","location":"Voxel.cpp:Tick","message":"snapshot","data":{"runId":"post-fix","lastCx":-242,"lastCy":-3,"epoch":248,"st":{"q":81,"gen":6,"pend":3560,"mesh":6,"ready":701},"qVox":2459,"qMesh":17338,"actVox":6,"actMesh":6,"defMeshDefer":0,"hasFocus":1,"meshBpThr":0},"timestamp":16872762567}
{"sessionId":"415652","hypothesisId":"H5","location":"Voxel.cpp:UpdateStreamingChunks","message":"stream_refresh","data":{"cx":-243,"cy":-3,"epoch":249,"chunkEntries":4354,"focusX":-775879.13,"focusY":-9208.15},"timestamp":16872762755}
{"sessionId":"415652","hypothesisId":"H5","location":"Voxel.cpp:UpdateStreamingChunks","message":"stream_refresh","data":{"cx":-244,"cy":-3,"epoch":250,"chunkEntries":4353,"focusX":-778029.12,"focusY":-9113.46},"timestamp":16872762863}
{"sessionId":"415652","hypothesisId":"H5","location":"Voxel.cpp:UpdateStreamingChunks","message":"stream_refresh","data":{"cx":-245,"cy":-3,"epoch":251,"chunkEntries":4352,"focusX":-782149.06,"focusY":-8932.02},"timestamp":16872763069}
{"sessionId":"415652","hypothesisId":"H5","location":"Voxel.cpp:UpdateStreamingChunks","message":"stream_refresh","data":{"cx":-246,"cy":-3,"epoch":252,"chunkEntries":4351,"focusX":-784250.40,"focusY":-8839.47},"timestamp":16872763176}
{"sessionId":"415652","hypothesisId":"H5","location":"Voxel.cpp:UpdateStreamingChunks","message":"stream_refresh","data":{"cx":-247,"cy":-3,"epoch":253,"chunkEntries":4350,"focusX":-788455.31,"focusY":-8654.28},"timestamp":16872763384}
{"sessionId":"415652","hypothesisId":"H5","location":"Voxel.cpp:UpdateStreamingChunks","message":"stream_refresh","data":{"cx":-248,"cy":-3,"epoch":254,"chunkEntries":4349,"focusX":-790580.70,"focusY":-8560.68},"timestamp":16872763490}
{"sessionId":"415652","hypothesisId":"H3","location":"Voxel.cpp:Tick","message":"snapshot","data":{"runId":"post-fix","lastCx":-248,"lastCy":-3,"epoch":254,"st":{"q":25,"gen":6,"pend":3642,"mesh":6,"ready":669},"qVox":2403,"qMesh":17816,"actVox":6,"actMesh":6,"defMeshDefer":0,"hasFocus":1,"meshBpThr":0},"timestamp":16872763576}
{"sessionId":"415652","hypothesisId":"H5","location":"Voxel.cpp:UpdateStreamingChunks","message":"stream_refresh","data":{"cx":-249,"cy":-3,"epoch":255,"chunkEntries":4348,"focusX":-794636.78,"focusY":-8382.11},"timestamp":16872763695}
{"sessionId":"415652","hypothesisId":"H5","location":"Voxel.cpp:UpdateStreamingChunks","message":"stream_refresh","data":{"cx":-250,"cy":-3,"epoch":256,"chunkEntries":4347,"focusX":-798928.16,"focusY":-8318.72},"timestamp":16872763909}
{"sessionId":"415652","hypothesisId":"H5","location":"Voxel.cpp:UpdateStreamingChunks","message":"stream_refresh","data":{"cx":-251,"cy":-3,"epoch":257,"chunkEntries":4346,"focusX":-801065.84,"focusY":-8338.81},"timestamp":16872764016}
{"sessionId":"415652","hypothesisId":"H5","location":"Voxel.cpp:UpdateStreamingChunks","message":"stream_refresh","data":{"cx":-252,"cy":-3,"epoch":258,"chunkEntries":4345,"focusX":-805200.47,"focusY":-8402.69},"timestamp":16872764222}
{"sessionId":"415652","hypothesisId":"H5","location":"Voxel.cpp:UpdateStreamingChunks","message":"stream_refresh","data":{"cx":-253,"cy":-3,"epoch":259,"chunkEntries":4344,"focusX":-807263.75,"focusY":-8437.38},"timestamp":16872764326}
{"sessionId":"415652","hypothesisId":"H5","location":"Voxel.cpp:UpdateStreamingChunks","message":"stream_refresh","data":{"cx":-254,"cy":-3,"epoch":260,"chunkEntries":4343,"focusX":-811367.34,"focusY":-8509.44},"timestamp":16872764531}
{"sessionId":"415652","hypothesisId":"H3","location":"Voxel.cpp:Tick","message":"snapshot","data":{"runId":"post-fix","lastCx":-254,"lastCy":-3,"epoch":260,"st":{"q":44,"gen":6,"pend":3628,"mesh":6,"ready":658},"qVox":2422,"qMesh":18198,"actVox":6,"actMesh":6,"defMeshDefer":0,"hasFocus":1,"meshBpThr":0},"timestamp":16872764582}
{"sessionId":"415652","hypothesisId":"H5","location":"Voxel.cpp:UpdateStreamingChunks","message":"stream_refresh","data":{"cx":-255,"cy":-3,"epoch":261,"chunkEntries":4342,"focusX":-813518.18,"focusY":-8551.34},"timestamp":16872764638}
{"sessionId":"415652","hypothesisId":"H5","location":"Voxel.cpp:UpdateStreamingChunks","message":"stream_refresh","data":{"cx":-256,"cy":-3,"epoch":262,"chunkEntries":4341,"focusX":-817739.02,"focusY":-8635.72},"timestamp":16872764851}
{"sessionId":"415652","hypothesisId":"H5","location":"Voxel.cpp:UpdateStreamingChunks","message":"stream_refresh","data":{"cx":-257,"cy":-3,"epoch":263,"chunkEntries":4340,"focusX":-819856.04,"focusY":-8678.28},"timestamp":16872764956}
{"sessionId":"415652","hypothesisId":"H5","location":"Voxel.cpp:UpdateStreamingChunks","message":"stream_refresh","data":{"cx":-258,"cy":-3,"epoch":264,"chunkEntries":4339,"focusX":-824076.92,"focusY":-8763.21},"timestamp":16872765167}
{"sessionId":"415652","hypothesisId":"H5","location":"Voxel.cpp:UpdateStreamingChunks","message":"stream_refresh","data":{"cx":-259,"cy":-3,"epoch":265,"chunkEntries":4338,"focusX":-826245.42,"focusY":-8806.85},"timestamp":16872765275}
{"sessionId":"415652","hypothesisId":"H5","location":"Voxel.cpp:UpdateStreamingChunks","message":"stream_refresh","data":{"cx":-260,"cy":-3,"epoch":266,"chunkEntries":4337,"focusX":-830365.16,"focusY":-8889.76},"timestamp":16872765481}
{"sessionId":"415652","hypothesisId":"H5","location":"Voxel.cpp:UpdateStreamingChunks","message":"stream_refresh","data":{"cx":-261,"cy":-3,"epoch":267,"chunkEntries":4336,"focusX":-832470.19,"focusY":-8932.12},"timestamp":16872765587}
{"sessionId":"415652","hypothesisId":"H3","location":"Voxel.cpp:Tick","message":"snapshot","data":{"runId":"post-fix","lastCx":-261,"lastCy":-3,"epoch":267,"st":{"q":73,"gen":6,"pend":3596,"mesh":6,"ready":654},"qVox":2451,"qMesh":18628,"actVox":6,"actMesh":6,"defMeshDefer":0,"hasFocus":1,"meshBpThr":0},"timestamp":16872765591}
{"sessionId":"415652","hypothesisId":"H5","location":"Voxel.cpp:UpdateStreamingChunks","message":"stream_refresh","data":{"cx":-262,"cy":-3,"epoch":268,"chunkEntries":4335,"focusX":-836696.61,"focusY":-9017.18},"timestamp":16872765798}
{"sessionId":"415652","hypothesisId":"H5","location":"Voxel.cpp:UpdateStreamingChunks","message":"stream_refresh","data":{"cx":-263,"cy":-3,"epoch":269,"chunkEntries":4334,"focusX":-838832.85,"focusY":-9060.17},"timestamp":16872765905}
{"sessionId":"415652","hypothesisId":"H5","location":"Voxel.cpp:UpdateStreamingChunks","message":"stream_refresh","data":{"cx":-264,"cy":-3,"epoch":270,"chunkEntries":4333,"focusX":-842857.88,"focusY":-9141.17},"timestamp":16872766107}
{"sessionId":"415652","hypothesisId":"H5","location":"Voxel.cpp:UpdateStreamingChunks","message":"stream_refresh","data":{"cx":-265,"cy":-3,"epoch":271,"chunkEntries":4332,"focusX":-844880.16,"focusY":-9181.87},"timestamp":16872766211}
{"sessionId":"415652","hypothesisId":"H5","location":"Voxel.cpp:UpdateStreamingChunks","message":"stream_refresh","data":{"cx":-266,"cy":-3,"epoch":272,"chunkEntries":4331,"focusX":-849065.62,"focusY":-9266.10},"timestamp":16872766422}
{"sessionId":"415652","hypothesisId":"H5","location":"Voxel.cpp:UpdateStreamingChunks","message":"stream_refresh","data":{"cx":-267,"cy":-3,"epoch":273,"chunkEntries":4330,"focusX":-851267.36,"focusY":-9310.41},"timestamp":16872766526}
{"sessionId":"415652","hypothesisId":"H3","location":"Voxel.cpp:Tick","message":"snapshot","data":{"runId":"post-fix","lastCx":-267,"lastCy":-3,"epoch":273,"st":{"q":26,"gen":6,"pend":3661,"mesh":6,"ready":630},"qVox":2404,"qMesh":19089,"actVox":6,"actMesh":6,"defMeshDefer":0,"hasFocus":1,"meshBpThr":0},"timestamp":16872766598}
{"sessionId":"415652","hypothesisId":"H5","location":"Voxel.cpp:UpdateStreamingChunks","message":"stream_refresh","data":{"cx":-268,"cy":-3,"epoch":274,"chunkEntries":4329,"focusX":-855567.27,"focusY":-9396.95},"timestamp":16872766740}
{"sessionId":"415652","hypothesisId":"H5","location":"Voxel.cpp:UpdateStreamingChunks","message":"stream_refresh","data":{"cx":-269,"cy":-3,"epoch":275,"chunkEntries":4328,"focusX":-857652.93,"focusY":-9438.92},"timestamp":16872766847}
{"sessionId":"415652","hypothesisId":"H5","location":"Voxel.cpp:UpdateStreamingChunks","message":"stream_refresh","data":{"cx":-270,"cy":-3,"epoch":276,"chunkEntries":4327,"focusX":-861896.01,"focusY":-9524.32},"timestamp":16872767057}
{"sessionId":"415652","hypothesisId":"H5","location":"Voxel.cpp:UpdateStreamingChunks","message":"stream_refresh","data":{"cx":-271,"cy":-4,"epoch":277,"chunkEntries":4326,"focusX":-866059.26,"focusY":-9608.10},"timestamp":16872767265}
{"sessionId":"415652","hypothesisId":"H5","location":"Voxel.cpp:UpdateStreamingChunks","message":"stream_refresh","data":{"cx":-272,"cy":-4,"epoch":278,"chunkEntries":4355,"focusX":-868217.36,"focusY":-9651.53},"timestamp":16872767374}
{"sessionId":"415652","hypothesisId":"H5","location":"Voxel.cpp:UpdateStreamingChunks","message":"stream_refresh","data":{"cx":-273,"cy":-4,"epoch":279,"chunkEntries":4354,"focusX":-872474.68,"focusY":-9737.21},"timestamp":16872767586}
{"sessionId":"415652","hypothesisId":"H3","location":"Voxel.cpp:Tick","message":"snapshot","data":{"runId":"post-fix","lastCx":-273,"lastCy":-4,"epoch":279,"st":{"q":62,"gen":2,"pend":3630,"mesh":10,"ready":649},"qVox":2440,"qMesh":19454,"actVox":2,"actMesh":10,"defMeshDefer":0,"hasFocus":1,"meshBpThr":0},"timestamp":16872767600}
{"sessionId":"415652","hypothesisId":"H5","location":"Voxel.cpp:UpdateStreamingChunks","message":"stream_refresh","data":{"cx":-274,"cy":-4,"epoch":280,"chunkEntries":4353,"focusX":-874591.41,"focusY":-9779.81},"timestamp":16872767692}
{"sessionId":"415652","hypothesisId":"H5","location":"Voxel.cpp:UpdateStreamingChunks","message":"stream_refresh","data":{"cx":-275,"cy":-4,"epoch":281,"chunkEntries":4352,"focusX":-878869.80,"focusY":-9865.91},"timestamp":16872767907}
{"sessionId":"415652","hypothesisId":"H5","location":"Voxel.cpp:UpdateStreamingChunks","message":"stream_refresh","data":{"cx":-276,"cy":-4,"epoch":282,"chunkEntries":4351,"focusX":-881043.81,"focusY":-9909.67},"timestamp":16872768015}
{"sessionId":"415652","hypothesisId":"H5","location":"Voxel.cpp:UpdateStreamingChunks","message":"stream_refresh","data":{"cx":-277,"cy":-4,"epoch":283,"chunkEntries":4350,"focusX":-883213.30,"focusY":-9953.33},"timestamp":16872768125}
{"sessionId":"415652","hypothesisId":"H5","location":"Voxel.cpp:UpdateStreamingChunks","message":"stream_refresh","data":{"cx":-278,"cy":-4,"epoch":284,"chunkEntries":4349,"focusX":-887372.54,"focusY":-10037.03},"timestamp":16872768333}
{"sessionId":"415652","hypothesisId":"H5","location":"Voxel.cpp:UpdateStreamingChunks","message":"stream_refresh","data":{"cx":-279,"cy":-4,"epoch":285,"chunkEntries":4348,"focusX":-891690.38,"focusY":-10123.93},"timestamp":16872768548}
{"sessionId":"415652","hypothesisId":"H3","location":"Voxel.cpp:Tick","message":"snapshot","data":{"runId":"post-fix","lastCx":-279,"lastCy":-4,"epoch":285,"st":{"q":38,"gen":6,"pend":3659,"mesh":6,"ready":638},"qVox":2416,"qMesh":19879,"actVox":6,"actMesh":6,"defMeshDefer":0,"hasFocus":1,"meshBpThr":0},"timestamp":16872768606}
{"sessionId":"415652","hypothesisId":"H5","location":"Voxel.cpp:UpdateStreamingChunks","message":"stream_refresh","data":{"cx":-280,"cy":-4,"epoch":286,"chunkEntries":4347,"focusX":-893740.04,"focusY":-10165.18},"timestamp":16872768651}
{"sessionId":"415652","hypothesisId":"H5","location":"Voxel.cpp:UpdateStreamingChunks","message":"stream_refresh","data":{"cx":-281,"cy":-4,"epoch":287,"chunkEntries":4346,"focusX":-897946.36,"focusY":-10249.83},"timestamp":16872768860}
{"sessionId":"415652","hypothesisId":"H5","location":"Voxel.cpp:UpdateStreamingChunks","message":"stream_refresh","data":{"cx":-282,"cy":-4,"epoch":288,"chunkEntries":4345,"focusX":-900040.50,"focusY":-10291.97},"timestamp":16872768965}
{"sessionId":"415652","hypothesisId":"H5","location":"Voxel.cpp:UpdateStreamingChunks","message":"stream_refresh","data":{"cx":-283,"cy":-4,"epoch":289,"chunkEntries":4344,"focusX":-904069.86,"focusY":-10373.07},"timestamp":16872769167}
{"sessionId":"415652","hypothesisId":"H5","location":"Voxel.cpp:UpdateStreamingChunks","message":"stream_refresh","data":{"cx":-284,"cy":-4,"epoch":290,"chunkEntries":4343,"focusX":-906151.40,"focusY":-10414.96},"timestamp":16872769270}
{"sessionId":"415652","hypothesisId":"H5","location":"Voxel.cpp:UpdateStreamingChunks","message":"stream_refresh","data":{"cx":-285,"cy":-4,"epoch":291,"chunkEntries":4342,"focusX":-910304.23,"focusY":-10498.53},"timestamp":16872769479}
{"sessionId":"415652","hypothesisId":"H5","location":"Voxel.cpp:UpdateStreamingChunks","message":"stream_refresh","data":{"cx":-286,"cy":-4,"epoch":292,"chunkEntries":4341,"focusX":-912434.14,"focusY":-10541.40},"timestamp":16872769585}
{"sessionId":"415652","hypothesisId":"H3","location":"Voxel.cpp:Tick","message":"snapshot","data":{"runId":"post-fix","lastCx":-286,"lastCy":-4,"epoch":292,"st":{"q":61,"gen":6,"pend":3631,"mesh":6,"ready":636},"qVox":2439,"qMesh":20313,"actVox":6,"actMesh":6,"defMeshDefer":0,"hasFocus":1,"meshBpThr":0},"timestamp":16872769610}
{"sessionId":"415652","hypothesisId":"H5","location":"Voxel.cpp:UpdateStreamingChunks","message":"stream_refresh","data":{"cx":-287,"cy":-4,"epoch":293,"chunkEntries":4340,"focusX":-916692.27,"focusY":-10627.09},"timestamp":16872769798}
{"sessionId":"415652","hypothesisId":"H5","location":"Voxel.cpp:UpdateStreamingChunks","message":"stream_refresh","data":{"cx":-288,"cy":-4,"epoch":294,"chunkEntries":4339,"focusX":-918811.51,"focusY":-10669.74},"timestamp":16872769903}
{"sessionId":"415652","hypothesisId":"H5","location":"Voxel.cpp:UpdateStreamingChunks","message":"stream_refresh","data":{"cx":-289,"cy":-4,"epoch":295,"chunkEntries":4338,"focusX":-923062.47,"focusY":-10755.29},"timestamp":16872770116}
{"sessionId":"415652","hypothesisId":"H5","location":"Voxel.cpp:UpdateStreamingChunks","message":"stream_refresh","data":{"cx":-290,"cy":-4,"epoch":296,"chunkEntries":4337,"focusX":-925212.03,"focusY":-10798.55},"timestamp":16872770224}
{"sessionId":"415652","hypothesisId":"H5","location":"Voxel.cpp:UpdateStreamingChunks","message":"stream_refresh","data":{"cx":-291,"cy":-4,"epoch":297,"chunkEntries":4336,"focusX":-929247.61,"focusY":-10879.77},"timestamp":16872770429}
{"sessionId":"415652","hypothesisId":"H5","location":"Voxel.cpp:UpdateStreamingChunks","message":"stream_refresh","data":{"cx":-292,"cy":-4,"epoch":298,"chunkEntries":4335,"focusX":-931449.41,"focusY":-10924.08},"timestamp":16872770537}
{"sessionId":"415652","hypothesisId":"H3","location":"Voxel.cpp:Tick","message":"snapshot","data":{"runId":"post-fix","lastCx":-292,"lastCy":-4,"epoch":298,"st":{"q":31,"gen":6,"pend":3660,"mesh":6,"ready":631},"qVox":2409,"qMesh":20738,"actVox":6,"actMesh":6,"defMeshDefer":0,"hasFocus":1,"meshBpThr":0},"timestamp":16872770611}
{"sessionId":"415652","hypothesisId":"H5","location":"Voxel.cpp:UpdateStreamingChunks","message":"stream_refresh","data":{"cx":-293,"cy":-4,"epoch":299,"chunkEntries":4334,"focusX":-935602.72,"focusY":-11007.67},"timestamp":16872770744}
{"sessionId":"415652","hypothesisId":"H5","location":"Voxel.cpp:UpdateStreamingChunks","message":"stream_refresh","data":{"cx":-294,"cy":-4,"epoch":300,"chunkEntries":4333,"focusX":-937600.64,"focusY":-11047.87},"timestamp":16872770844}
{"sessionId":"415652","hypothesisId":"H5","location":"Voxel.cpp:UpdateStreamingChunks","message":"stream_refresh","data":{"cx":-295,"cy":-4,"epoch":301,"chunkEntries":4332,"focusX":-941877.17,"focusY":-11133.94},"timestamp":16872771061}
{"sessionId":"415652","hypothesisId":"H5","location":"Voxel.cpp:UpdateStreamingChunks","message":"stream_refresh","data":{"cx":-296,"cy":-4,"epoch":302,"chunkEntries":4331,"focusX":-944060.10,"focusY":-11177.87},"timestamp":16872771168}
{"sessionId":"415652","hypothesisId":"H5","location":"Voxel.cpp:UpdateStreamingChunks","message":"stream_refresh","data":{"cx":-297,"cy":-4,"epoch":303,"chunkEntries":4330,"focusX":-948308.94,"focusY":-11263.38},"timestamp":16872771381}
{"sessionId":"415652","hypothesisId":"H5","location":"Voxel.cpp:UpdateStreamingChunks","message":"stream_refresh","data":{"cx":-298,"cy":-4,"epoch":304,"chunkEntries":4329,"focusX":-950426.61,"focusY":-11306.00},"timestamp":16872771486}
{"sessionId":"415652","hypothesisId":"H3","location":"Voxel.cpp:Tick","message":"snapshot","data":{"runId":"post-fix","lastCx":-298,"lastCy":-4,"epoch":304,"st":{"q":13,"gen":6,"pend":3674,"mesh":6,"ready":629},"qVox":2391,"qMesh":21148,"actVox":6,"actMesh":6,"defMeshDefer":0,"hasFocus":1,"meshBpThr":0},"timestamp":16872771616}
{"sessionId":"415652","hypothesisId":"H5","location":"Voxel.cpp:UpdateStreamingChunks","message":"stream_refresh","data":{"cx":-299,"cy":-4,"epoch":305,"chunkEntries":4328,"focusX":-954555.56,"focusY":-11389.09},"timestamp":16872771692}
{"sessionId":"415652","hypothesisId":"H5","location":"Voxel.cpp:UpdateStreamingChunks","message":"stream_refresh","data":{"cx":-300,"cy":-4,"epoch":306,"chunkEntries":4327,"focusX":-958841.04,"focusY":-11475.34},"timestamp":16872771905}
{"sessionId":"415652","hypothesisId":"H5","location":"Voxel.cpp:UpdateStreamingChunks","message":"stream_refresh","data":{"cx":-301,"cy":-4,"epoch":307,"chunkEntries":4326,"focusX":-960896.61,"focusY":-11516.71},"timestamp":16872772009}
{"sessionId":"415652","hypothesisId":"H5","location":"Voxel.cpp:UpdateStreamingChunks","message":"stream_refresh","data":{"cx":-302,"cy":-4,"epoch":308,"chunkEntries":4325,"focusX":-965054.35,"focusY":-11600.38},"timestamp":16872772217}
{"sessionId":"415652","hypothesisId":"H5","location":"Voxel.cpp:UpdateStreamingChunks","message":"stream_refresh","data":{"cx":-303,"cy":-4,"epoch":309,"chunkEntries":4324,"focusX":-967127.78,"focusY":-11642.11},"timestamp":16872772320}
{"sessionId":"415652","hypothesisId":"H5","location":"Voxel.cpp:UpdateStreamingChunks","message":"stream_refresh","data":{"cx":-304,"cy":-4,"epoch":310,"chunkEntries":4323,"focusX":-971232.98,"focusY":-11724.73},"timestamp":16872772524}
{"sessionId":"415652","hypothesisId":"H3","location":"Voxel.cpp:Tick","message":"snapshot","data":{"runId":"post-fix","lastCx":-304,"lastCy":-4,"epoch":310,"st":{"q":14,"gen":6,"pend":3662,"mesh":6,"ready":634},"qVox":2392,"qMesh":21532,"actVox":6,"actMesh":6,"defMeshDefer":0,"hasFocus":1,"meshBpThr":0},"timestamp":16872772619}
{"sessionId":"415652","hypothesisId":"H5","location":"Voxel.cpp:UpdateStreamingChunks","message":"stream_refresh","data":{"cx":-305,"cy":-4,"epoch":311,"chunkEntries":4322,"focusX":-973244.35,"focusY":-11765.20},"timestamp":16872772627}
{"sessionId":"415652","hypothesisId":"H5","location":"Voxel.cpp:UpdateStreamingChunks","message":"stream_refresh","data":{"cx":-306,"cy":-4,"epoch":312,"chunkEntries":4321,"focusX":-977524.14,"focusY":-11851.34},"timestamp":16872772840}
{"sessionId":"415652","hypothesisId":"H5","location":"Voxel.cpp:UpdateStreamingChunks","message":"stream_refresh","data":{"cx":-307,"cy":-4,"epoch":313,"chunkEntries":4320,"focusX":-979693.18,"focusY":-11894.99},"timestamp":16872772949}
{"sessionId":"415652","hypothesisId":"H5","location":"Voxel.cpp:UpdateStreamingChunks","message":"stream_refresh","data":{"cx":-308,"cy":-4,"epoch":314,"chunkEntries":4319,"focusX":-983781.12,"focusY":-11977.26},"timestamp":16872773153}
{"sessionId":"415652","hypothesisId":"H5","location":"Voxel.cpp:UpdateStreamingChunks","message":"stream_refresh","data":{"cx":-309,"cy":-4,"epoch":315,"chunkEntries":4318,"focusX":-985834.02,"focusY":-12018.57},"timestamp":16872773256}
{"sessionId":"415652","hypothesisId":"H5","location":"Voxel.cpp:UpdateStreamingChunks","message":"stream_refresh","data":{"cx":-310,"cy":-4,"epoch":316,"chunkEntries":4317,"focusX":-989860.39,"focusY":-12099.60},"timestamp":16872773459}
{"sessionId":"415652","hypothesisId":"H3","location":"Voxel.cpp:Tick","message":"snapshot","data":{"runId":"post-fix","lastCx":-310,"lastCy":-4,"epoch":316,"st":{"q":0,"gen":0,"pend":3663,"mesh":12,"ready":641},"qVox":2378,"qMesh":21929,"actVox":0,"actMesh":12,"defMeshDefer":0,"hasFocus":1,"meshBpThr":0},"timestamp":16872773624}
{"sessionId":"415652","hypothesisId":"H5","location":"Voxel.cpp:UpdateStreamingChunks","message":"stream_refresh","data":{"cx":-311,"cy":-4,"epoch":317,"chunkEntries":4316,"focusX":-993937.12,"focusY":-12181.65},"timestamp":16872773663}
{"sessionId":"415652","hypothesisId":"H5","location":"Voxel.cpp:UpdateStreamingChunks","message":"stream_refresh","data":{"cx":-312,"cy":-4,"epoch":318,"chunkEntries":4315,"focusX":-996073.22,"focusY":-12224.64},"timestamp":16872773767}
{"sessionId":"415652","hypothesisId":"H5","location":"Voxel.cpp:UpdateStreamingChunks","message":"stream_refresh","data":{"cx":-313,"cy":-4,"epoch":319,"chunkEntries":4314,"focusX":-1000159.57,"focusY":-12306.87},"timestamp":16872773973}
{"sessionId":"415652","hypothesisId":"H5","location":"Voxel.cpp:UpdateStreamingChunks","message":"stream_refresh","data":{"cx":-314,"cy":-4,"epoch":320,"chunkEntries":4313,"focusX":-1002314.07,"focusY":-12350.23},"timestamp":16872774081}
{"sessionId":"415652","hypothesisId":"H5","location":"Voxel.cpp:UpdateStreamingChunks","message":"stream_refresh","data":{"cx":-315,"cy":-4,"epoch":321,"chunkEntries":4312,"focusX":-1006454.74,"focusY":-12433.56},"timestamp":16872774286}
{"sessionId":"415652","hypothesisId":"H5","location":"Voxel.cpp:UpdateStreamingChunks","message":"stream_refresh","data":{"cx":-316,"cy":-4,"epoch":322,"chunkEntries":4311,"focusX":-1008559.48,"focusY":-12475.92},"timestamp":16872774392}
{"sessionId":"415652","hypothesisId":"H5","location":"Voxel.cpp:UpdateStreamingChunks","message":"stream_refresh","data":{"cx":-317,"cy":-4,"epoch":323,"chunkEntries":4310,"focusX":-1012759.11,"focusY":-12560.44},"timestamp":16872774602}
{"sessionId":"415652","hypothesisId":"H3","location":"Voxel.cpp:Tick","message":"snapshot","data":{"runId":"post-fix","lastCx":-317,"lastCy":-4,"epoch":323,"st":{"q":59,"gen":3,"pend":3602,"mesh":9,"ready":636},"qVox":2437,"qMesh":22330,"actVox":3,"actMesh":9,"defMeshDefer":0,"hasFocus":1,"meshBpThr":0},"timestamp":16872774625}
{"sessionId":"415652","hypothesisId":"H5","location":"Voxel.cpp:UpdateStreamingChunks","message":"stream_refresh","data":{"cx":-318,"cy":-4,"epoch":324,"chunkEntries":4309,"focusX":-1014920.70,"focusY":-12603.94},"timestamp":16872774711}
{"sessionId":"415652","hypothesisId":"H5","location":"Voxel.cpp:UpdateStreamingChunks","message":"stream_refresh","data":{"cx":-319,"cy":-4,"epoch":325,"chunkEntries":4308,"focusX":-1019110.96,"focusY":-12688.27},"timestamp":16872774921}
{"sessionId":"415652","hypothesisId":"H5","location":"Voxel.cpp:UpdateStreamingChunks","message":"stream_refresh","data":{"cx":-320,"cy":-4,"epoch":326,"chunkEntries":4307,"focusX":-1021287.26,"focusY":-12732.07},"timestamp":16872775030}
{"sessionId":"415652","hypothesisId":"H5","location":"Voxel.cpp:UpdateStreamingChunks","message":"stream_refresh","data":{"cx":-321,"cy":-5,"epoch":327,"chunkEntries":4306,"focusX":-1025507.86,"focusY":-12817.01},"timestamp":16872775240}
{"sessionId":"415652","hypothesisId":"H5","location":"Voxel.cpp:UpdateStreamingChunks","message":"stream_refresh","data":{"cx":-322,"cy":-5,"epoch":328,"chunkEntries":4354,"focusX":-1027676.97,"focusY":-12860.66},"timestamp":16872775350}
{"sessionId":"415652","hypothesisId":"H5","location":"Voxel.cpp:UpdateStreamingChunks","message":"stream_refresh","data":{"cx":-323,"cy":-5,"epoch":329,"chunkEntries":4354,"focusX":-1031958.21,"focusY":-12946.82},"timestamp":16872775563}
{"sessionId":"415652","hypothesisId":"H3","location":"Voxel.cpp:Tick","message":"snapshot","data":{"runId":"post-fix","lastCx":-323,"lastCy":-5,"epoch":329,"st":{"q":39,"gen":6,"pend":3670,"mesh":6,"ready":632},"qVox":2418,"qMesh":22807,"actVox":6,"actMesh":6,"defMeshDefer":0,"hasFocus":1,"meshBpThr":0},"timestamp":16872775629}
{"sessionId":"415652","hypothesisId":"H5","location":"Voxel.cpp:UpdateStreamingChunks","message":"stream_refresh","data":{"cx":-324,"cy":-5,"epoch":330,"chunkEntries":4353,"focusX":-1034034.74,"focusY":-12988.61},"timestamp":16872775667}
{"sessionId":"415652","hypothesisId":"H5","location":"Voxel.cpp:UpdateStreamingChunks","message":"stream_refresh","data":{"cx":-325,"cy":-5,"epoch":331,"chunkEntries":4352,"focusX":-1038349.85,"focusY":-13075.46},"timestamp":16872775883}
{"sessionId":"415652","hypothesisId":"H5","location":"Voxel.cpp:UpdateStreamingChunks","message":"stream_refresh","data":{"cx":-326,"cy":-5,"epoch":332,"chunkEntries":4351,"focusX":-1040378.57,"focusY":-13116.28},"timestamp":16872775984}
{"sessionId":"415652","hypothesisId":"H5","location":"Voxel.cpp:UpdateStreamingChunks","message":"stream_refresh","data":{"cx":-327,"cy":-5,"epoch":333,"chunkEntries":4350,"focusX":-1044547.34,"focusY":-13200.18},"timestamp":16872776191}
{"sessionId":"415652","hypothesisId":"H5","location":"Voxel.cpp:UpdateStreamingChunks","message":"stream_refresh","data":{"cx":-328,"cy":-5,"epoch":334,"chunkEntries":4349,"focusX":-1046676.31,"focusY":-13243.03},"timestamp":16872776299}
{"sessionId":"415652","hypothesisId":"H5","location":"Voxel.cpp:UpdateStreamingChunks","message":"stream_refresh","data":{"cx":-329,"cy":-5,"epoch":335,"chunkEntries":4348,"focusX":-1050847.74,"focusY":-13326.98},"timestamp":16872776506}
{"sessionId":"415652","hypothesisId":"H5","location":"Voxel.cpp:UpdateStreamingChunks","message":"stream_refresh","data":{"cx":-330,"cy":-5,"epoch":336,"chunkEntries":4347,"focusX":-1052938.35,"focusY":-13369.05},"timestamp":16872776613}
{"sessionId":"415652","hypothesisId":"H3","location":"Voxel.cpp:Tick","message":"snapshot","data":{"runId":"post-fix","lastCx":-330,"lastCy":-5,"epoch":336,"st":{"q":61,"gen":6,"pend":3648,"mesh":6,"ready":625},"qVox":2441,"qMesh":23246,"actVox":6,"actMesh":6,"defMeshDefer":0,"hasFocus":1,"meshBpThr":0},"timestamp":16872776638}
{"sessionId":"415652","hypothesisId":"H5","location":"Voxel.cpp:UpdateStreamingChunks","message":"stream_refresh","data":{"cx":-331,"cy":-5,"epoch":337,"chunkEntries":4346,"focusX":-1057029.46,"focusY":-13451.38},"timestamp":16872776818}
{"sessionId":"415652","hypothesisId":"H5","location":"Voxel.cpp:UpdateStreamingChunks","message":"stream_refresh","data":{"cx":-332,"cy":-5,"epoch":338,"chunkEntries":4345,"focusX":-1061217.22,"focusY":-13535.66},"timestamp":16872777026}
{"sessionId":"415652","hypothesisId":"H5","location":"Voxel.cpp:UpdateStreamingChunks","message":"stream_refresh","data":{"cx":-333,"cy":-5,"epoch":339,"chunkEntries":4344,"focusX":-1063383.58,"focusY":-13579.26},"timestamp":16872777134}
{"sessionId":"415652","hypothesisId":"H5","location":"Voxel.cpp:UpdateStreamingChunks","message":"stream_refresh","data":{"cx":-334,"cy":-5,"epoch":340,"chunkEntries":4343,"focusX":-1067594.13,"focusY":-13664.00},"timestamp":16872777345}
{"sessionId":"415652","hypothesisId":"H5","location":"Voxel.cpp:UpdateStreamingChunks","message":"stream_refresh","data":{"cx":-335,"cy":-5,"epoch":341,"chunkEntries":4342,"focusX":-1069612.86,"focusY":-13704.62},"timestamp":16872777447}
{"sessionId":"415652","hypothesisId":"H3","location":"Voxel.cpp:Tick","message":"snapshot","data":{"runId":"post-fix","lastCx":-335,"lastCy":-5,"epoch":341,"st":{"q":0,"gen":0,"pend":3694,"mesh":12,"ready":635},"qVox":2380,"qMesh":23622,"actVox":0,"actMesh":12,"defMeshDefer":0,"hasFocus":1,"meshBpThr":0},"timestamp":16872777639}
{"sessionId":"415652","hypothesisId":"H5","location":"Voxel.cpp:UpdateStreamingChunks","message":"stream_refresh","data":{"cx":-336,"cy":-5,"epoch":342,"chunkEntries":4341,"focusX":-1073824.56,"focusY":-13789.38},"timestamp":16872777656}
{"sessionId":"415652","hypothesisId":"H5","location":"Voxel.cpp:UpdateStreamingChunks","message":"stream_refresh","data":{"cx":-337,"cy":-5,"epoch":343,"chunkEntries":4340,"focusX":-1075907.57,"focusY":-13831.31},"timestamp":16872777760}
{"sessionId":"415652","hypothesisId":"H5","location":"Voxel.cpp:UpdateStreamingChunks","message":"stream_refresh","data":{"cx":-338,"cy":-5,"epoch":344,"chunkEntries":4339,"focusX":-1079986.53,"focusY":-13913.39},"timestamp":16872777965}
{"sessionId":"415652","hypothesisId":"H5","location":"Voxel.cpp:UpdateStreamingChunks","message":"stream_refresh","data":{"cx":-339,"cy":-5,"epoch":345,"chunkEntries":4338,"focusX":-1082022.34,"focusY":-13954.37},"timestamp":16872778065}
{"sessionId":"415652","hypothesisId":"H5","location":"Voxel.cpp:UpdateStreamingChunks","message":"stream_refresh","data":{"cx":-340,"cy":-5,"epoch":346,"chunkEntries":4337,"focusX":-1086175.02,"focusY":-14037.94},"timestamp":16872778274}
{"sessionId":"415652","hypothesisId":"H5","location":"Voxel.cpp:UpdateStreamingChunks","message":"stream_refresh","data":{"cx":-341,"cy":-5,"epoch":347,"chunkEntries":4336,"focusX":-1088307.26,"focusY":-14080.85},"timestamp":16872778381}
{"sessionId":"415652","hypothesisId":"H5","location":"Voxel.cpp:UpdateStreamingChunks","message":"stream_refresh","data":{"cx":-342,"cy":-5,"epoch":348,"chunkEntries":4335,"focusX":-1092369.76,"focusY":-14162.61},"timestamp":16872778584}
{"sessionId":"415652","hypothesisId":"H3","location":"Voxel.cpp:Tick","message":"snapshot","data":{"runId":"post-fix","lastCx":-342,"lastCy":-5,"epoch":348,"st":{"q":38,"gen":6,"pend":3658,"mesh":6,"ready":626},"qVox":2418,"qMesh":24048,"actVox":6,"actMesh":6,"defMeshDefer":0,"hasFocus":1,"meshBpThr":0},"timestamp":16872778648}
{"sessionId":"415652","hypothesisId":"H5","location":"Voxel.cpp:UpdateStreamingChunks","message":"stream_refresh","data":{"cx":-343,"cy":-5,"epoch":349,"chunkEntries":4334,"focusX":-1096475.99,"focusY":-14245.25},"timestamp":16872778789}
{"sessionId":"415652","hypothesisId":"H5","location":"Voxel.cpp:UpdateStreamingChunks","message":"stream_refresh","data":{"cx":-344,"cy":-5,"epoch":350,"chunkEntries":4333,"focusX":-1098552.37,"focusY":-14287.03},"timestamp":16872778893}
{"sessionId":"415652","hypothesisId":"H5","location":"Voxel.cpp:UpdateStreamingChunks","message":"stream_refresh","data":{"cx":-345,"cy":-5,"epoch":351,"chunkEntries":4332,"focusX":-1102623.44,"focusY":-14368.96},"timestamp":16872779096}
{"sessionId":"415652","hypothesisId":"H5","location":"Voxel.cpp:UpdateStreamingChunks","message":"stream_refresh","data":{"cx":-346,"cy":-5,"epoch":352,"chunkEntries":4331,"focusX":-1104749.41,"focusY":-14411.75},"timestamp":16872779203}
{"sessionId":"415652","hypothesisId":"H5","location":"Voxel.cpp:UpdateStreamingChunks","message":"stream_refresh","data":{"cx":-347,"cy":-5,"epoch":353,"chunkEntries":4330,"focusX":-1108972.20,"focusY":-14496.73},"timestamp":16872779416}
{"sessionId":"415652","hypothesisId":"H5","location":"Voxel.cpp:UpdateStreamingChunks","message":"stream_refresh","data":{"cx":-348,"cy":-5,"epoch":354,"chunkEntries":4329,"focusX":-1111118.90,"focusY":-14539.93},"timestamp":16872779522}
{"sessionId":"415652","hypothesisId":"H3","location":"Voxel.cpp:Tick","message":"snapshot","data":{"runId":"post-fix","lastCx":-348,"lastCy":-5,"epoch":354,"st":{"q":1,"gen":6,"pend":3685,"mesh":6,"ready":630},"qVox":2381,"qMesh":24471,"actVox":6,"actMesh":6,"defMeshDefer":0,"hasFocus":1,"meshBpThr":0},"timestamp":16872779648}
{"sessionId":"415652","hypothesisId":"H5","location":"Voxel.cpp:UpdateStreamingChunks","message":"stream_refresh","data":{"cx":-349,"cy":-5,"epoch":355,"chunkEntries":4328,"focusX":-1115373.29,"focusY":-14625.55},"timestamp":16872779734}
{"sessionId":"415652","hypothesisId":"H5","location":"Voxel.cpp:UpdateStreamingChunks","message":"stream_refresh","data":{"cx":-350,"cy":-5,"epoch":356,"chunkEntries":4327,"focusX":-1117533.51,"focusY":-14669.03},"timestamp":16872779842}
{"sessionId":"415652","hypothesisId":"H5","location":"Voxel.cpp:UpdateStreamingChunks","message":"stream_refresh","data":{"cx":-351,"cy":-5,"epoch":357,"chunkEntries":4326,"focusX":-1121803.30,"focusY":-14754.96},"timestamp":16872780056}
{"sessionId":"415652","hypothesisId":"H5","location":"Voxel.cpp:UpdateStreamingChunks","message":"stream_refresh","data":{"cx":-352,"cy":-5,"epoch":358,"chunkEntries":4325,"focusX":-1123873.22,"focusY":-14796.62},"timestamp":16872780159}
{"sessionId":"415652","hypothesisId":"H5","location":"Voxel.cpp:UpdateStreamingChunks","message":"stream_refresh","data":{"cx":-353,"cy":-5,"epoch":359,"chunkEntries":4324,"focusX":-1128201.36,"focusY":-14883.72},"timestamp":16872780376}
{"sessionId":"415652","hypothesisId":"H5","location":"Voxel.cpp:UpdateStreamingChunks","message":"stream_refresh","data":{"cx":-354,"cy":-5,"epoch":360,"chunkEntries":4323,"focusX":-1130371.77,"focusY":-14927.40},"timestamp":16872780484}
{"sessionId":"415652","hypothesisId":"H3","location":"Voxel.cpp:Tick","message":"snapshot","data":{"runId":"post-fix","lastCx":-354,"lastCy":-5,"epoch":360,"st":{"q":0,"gen":0,"pend":3679,"mesh":12,"ready":631},"qVox":2380,"qMesh":24861,"actVox":0,"actMesh":12,"defMeshDefer":0,"hasFocus":1,"meshBpThr":0},"timestamp":16872780650}
{"sessionId":"415652","hypothesisId":"H5","location":"Voxel.cpp:UpdateStreamingChunks","message":"stream_refresh","data":{"cx":-355,"cy":-5,"epoch":361,"chunkEntries":4322,"focusX":-1134584.14,"focusY":-15012.17},"timestamp":16872780694}
{"sessionId":"415652","hypothesisId":"H5","location":"Voxel.cpp:UpdateStreamingChunks","message":"stream_refresh","data":{"cx":-356,"cy":-5,"epoch":362,"chunkEntries":4321,"focusX":-1136610.00,"focusY":-15052.94},"timestamp":16872780796}
{"sessionId":"415652","hypothesisId":"H5","location":"Voxel.cpp:UpdateStreamingChunks","message":"stream_refresh","data":{"cx":-357,"cy":-5,"epoch":363,"chunkEntries":4320,"focusX":-1140666.10,"focusY":-15134.57},"timestamp":16872781000}
{"sessionId":"415652","hypothesisId":"H5","location":"Voxel.cpp:UpdateStreamingChunks","message":"stream_refresh","data":{"cx":-358,"cy":-5,"epoch":364,"chunkEntries":4319,"focusX":-1142820.95,"focusY":-15177.94},"timestamp":16872781107}
{"sessionId":"415652","hypothesisId":"H5","location":"Voxel.cpp:UpdateStreamingChunks","message":"stream_refresh","data":{"cx":-359,"cy":-5,"epoch":365,"chunkEntries":4318,"focusX":-1146934.47,"focusY":-15260.72},"timestamp":16872781313}
{"sessionId":"415652","hypothesisId":"H5","location":"Voxel.cpp:UpdateStreamingChunks","message":"stream_refresh","data":{"cx":-360,"cy":-5,"epoch":366,"chunkEntries":4317,"focusX":-1149098.44,"focusY":-15304.27},"timestamp":16872781421}
{"sessionId":"415652","hypothesisId":"H5","location":"Voxel.cpp:UpdateStreamingChunks","message":"stream_refresh","data":{"cx":-361,"cy":-5,"epoch":367,"chunkEntries":4316,"focusX":-1153190.46,"focusY":-15386.63},"timestamp":16872781626}
{"sessionId":"415652","hypothesisId":"H3","location":"Voxel.cpp:Tick","message":"snapshot","data":{"runId":"post-fix","lastCx":-361,"lastCy":-5,"epoch":367,"st":{"q":55,"gen":4,"pend":3626,"mesh":8,"ready":622},"qVox":2435,"qMesh":25270,"actVox":4,"actMesh":8,"defMeshDefer":0,"hasFocus":1,"meshBpThr":0},"timestamp":16872781660}
{"sessionId":"415652","hypothesisId":"H5","location":"Voxel.cpp:UpdateStreamingChunks","message":"stream_refresh","data":{"cx":-362,"cy":-5,"epoch":368,"chunkEntries":4315,"focusX":-1155313.83,"focusY":-15429.36},"timestamp":16872781732}
{"sessionId":"415652","hypothesisId":"H5","location":"Voxel.cpp:UpdateStreamingChunks","message":"stream_refresh","data":{"cx":-363,"cy":-5,"epoch":369,"chunkEntries":4314,"focusX":-1159382.94,"focusY":-15511.25},"timestamp":16872781935}
{"sessionId":"415652","hypothesisId":"H5","location":"Voxel.cpp:UpdateStreamingChunks","message":"stream_refresh","data":{"cx":-364,"cy":-5,"epoch":370,"chunkEntries":4313,"focusX":-1163504.79,"focusY":-15594.20},"timestamp":16872782141}
{"sessionId":"415652","hypothesisId":"H5","location":"Voxel.cpp:UpdateStreamingChunks","message":"stream_refresh","data":{"cx":-365,"cy":-5,"epoch":371,"chunkEntries":4312,"focusX":-1165566.24,"focusY":-15635.69},"timestamp":16872782244}
{"sessionId":"415652","hypothesisId":"H5","location":"Voxel.cpp:UpdateStreamingChunks","message":"stream_refresh","data":{"cx":-366,"cy":-5,"epoch":372,"chunkEntries":4311,"focusX":-1169631.39,"focusY":-15717.50},"timestamp":16872782449}
{"sessionId":"415652","hypothesisId":"H5","location":"Voxel.cpp:UpdateStreamingChunks","message":"stream_refresh","data":{"cx":-367,"cy":-5,"epoch":373,"chunkEntries":4310,"focusX":-1171786.35,"focusY":-15760.87},"timestamp":16872782555}
{"sessionId":"415652","hypothesisId":"H3","location":"Voxel.cpp:Tick","message":"snapshot","data":{"runId":"post-fix","lastCx":-367,"lastCy":-5,"epoch":373,"st":{"q":13,"gen":6,"pend":3657,"mesh":6,"ready":627},"qVox":2393,"qMesh":25697,"actVox":6,"actMesh":6,"defMeshDefer":0,"hasFocus":1,"meshBpThr":0},"timestamp":16872782661}
{"sessionId":"415652","hypothesisId":"H5","location":"Voxel.cpp:UpdateStreamingChunks","message":"stream_refresh","data":{"cx":-368,"cy":-5,"epoch":374,"chunkEntries":4309,"focusX":-1176046.98,"focusY":-15846.61},"timestamp":16872782768}
{"sessionId":"415652","hypothesisId":"H5","location":"Voxel.cpp:UpdateStreamingChunks","message":"stream_refresh","data":{"cx":-369,"cy":-5,"epoch":375,"chunkEntries":4308,"focusX":-1178177.06,"focusY":-15889.48},"timestamp":16872782875}
{"sessionId":"415652","hypothesisId":"H5","location":"Voxel.cpp:UpdateStreamingChunks","message":"stream_refresh","data":{"cx":-370,"cy":-5,"epoch":376,"chunkEntries":4307,"focusX":-1182271.31,"focusY":-15971.88},"timestamp":16872783079}
{"sessionId":"415652","hypothesisId":"H5","location":"Voxel.cpp:UpdateStreamingChunks","message":"stream_refresh","data":{"cx":-371,"cy":-6,"epoch":377,"chunkEntries":4306,"focusX":-1184182.64,"focusY":-16010.34},"timestamp":16872783179}
{"sessionId":"415652","hypothesisId":"H5","location":"Voxel.cpp:UpdateStreamingChunks","message":"stream_refresh","data":{"cx":-372,"cy":-6,"epoch":378,"chunkEntries":4354,"focusX":-1188581.01,"focusY":-16098.86},"timestamp":16872783394}
{"sessionId":"415652","hypothesisId":"H5","location":"Voxel.cpp:UpdateStreamingChunks","message":"stream_refresh","data":{"cx":-373,"cy":-6,"epoch":379,"chunkEntries":4354,"focusX":-1190592.04,"focusY":-16139.33},"timestamp":16872783496}
{"sessionId":"415652","hypothesisId":"H3","location":"Voxel.cpp:Tick","message":"snapshot","data":{"runId":"post-fix","lastCx":-373,"lastCy":-6,"epoch":379,"st":{"q":0,"gen":0,"pend":3711,"mesh":12,"ready":630},"qVox":2381,"qMesh":26160,"actVox":0,"actMesh":12,"defMeshDefer":0,"hasFocus":1,"meshBpThr":0},"timestamp":16872783666}
{"sessionId":"415652","hypothesisId":"H5","location":"Voxel.cpp:UpdateStreamingChunks","message":"stream_refresh","data":{"cx":-374,"cy":-6,"epoch":380,"chunkEntries":4353,"focusX":-1194912.18,"focusY":-16226.28},"timestamp":16872783713}
{"sessionId":"415652","hypothesisId":"H5","location":"Voxel.cpp:UpdateStreamingChunks","message":"stream_refresh","data":{"cx":-375,"cy":-6,"epoch":381,"chunkEntries":4352,"focusX":-1196892.65,"focusY":-16266.13},"timestamp":16872783816}
{"sessionId":"415652","hypothesisId":"H5","location":"Voxel.cpp:UpdateStreamingChunks","message":"stream_refresh","data":{"cx":-376,"cy":-6,"epoch":382,"chunkEntries":4351,"focusX":-1201039.95,"focusY":-16349.60},"timestamp":16872784018}
{"sessionId":"415652","hypothesisId":"H5","location":"Voxel.cpp:UpdateStreamingChunks","message":"stream_refresh","data":{"cx":-377,"cy":-6,"epoch":383,"chunkEntries":4350,"focusX":-1205199.83,"focusY":-16433.32},"timestamp":16872784226}
{"sessionId":"415652","hypothesisId":"H5","location":"Voxel.cpp:UpdateStreamingChunks","message":"stream_refresh","data":{"cx":-378,"cy":-6,"epoch":384,"chunkEntries":4349,"focusX":-1207276.69,"focusY":-16475.11},"timestamp":16872784330}
{"sessionId":"415652","hypothesisId":"H5","location":"Voxel.cpp:UpdateStreamingChunks","message":"stream_refresh","data":{"cx":-379,"cy":-6,"epoch":385,"chunkEntries":4348,"focusX":-1211555.77,"focusY":-16561.23},"timestamp":16872784546}
{"sessionId":"415652","hypothesisId":"H5","location":"Voxel.cpp:UpdateStreamingChunks","message":"stream_refresh","data":{"cx":-380,"cy":-6,"epoch":386,"chunkEntries":4347,"focusX":-1213766.22,"focusY":-16605.72},"timestamp":16872784655}
{"sessionId":"415652","hypothesisId":"H3","location":"Voxel.cpp:Tick","message":"snapshot","data":{"runId":"post-fix","lastCx":-380,"lastCy":-6,"epoch":386,"st":{"q":67,"gen":6,"pend":3630,"mesh":6,"ready":637},"qVox":2448,"qMesh":26541,"actVox":6,"actMesh":6,"defMeshDefer":0,"hasFocus":1,"meshBpThr":0},"timestamp":16872784670}
{"sessionId":"415652","hypothesisId":"H5","location":"Voxel.cpp:UpdateStreamingChunks","message":"stream_refresh","data":{"cx":-381,"cy":-6,"epoch":387,"chunkEntries":4346,"focusX":-1218006.78,"focusY":-16691.06},"timestamp":16872784868}
{"sessionId":"415652","hypothesisId":"H5","location":"Voxel.cpp:UpdateStreamingChunks","message":"stream_refresh","data":{"cx":-382,"cy":-6,"epoch":388,"chunkEntries":4345,"focusX":-1220169.41,"focusY":-16734.58},"timestamp":16872784975}
{"sessionId":"415652","hypothesisId":"H5","location":"Voxel.cpp:UpdateStreamingChunks","message":"stream_refresh","data":{"cx":-383,"cy":-6,"epoch":389,"chunkEntries":4344,"focusX":-1224267.45,"focusY":-16817.05},"timestamp":16872785180}
{"sessionId":"415652","hypothesisId":"H5","location":"Voxel.cpp:UpdateStreamingChunks","message":"stream_refresh","data":{"cx":-384,"cy":-6,"epoch":390,"chunkEntries":4343,"focusX":-1226405.50,"focusY":-16860.08},"timestamp":16872785287}
{"sessionId":"415652","hypothesisId":"H5","location":"Voxel.cpp:UpdateStreamingChunks","message":"stream_refresh","data":{"cx":-385,"cy":-6,"epoch":391,"chunkEntries":4342,"focusX":-1230543.95,"focusY":-16943.37},"timestamp":16872785494}
{"sessionId":"415652","hypothesisId":"H5","location":"Voxel.cpp:UpdateStreamingChunks","message":"stream_refresh","data":{"cx":-386,"cy":-6,"epoch":392,"chunkEntries":4341,"focusX":-1232689.15,"focusY":-16986.54},"timestamp":16872785601}
{"sessionId":"415652","hypothesisId":"H3","location":"Voxel.cpp:Tick","message":"snapshot","data":{"runId":"post-fix","lastCx":-386,"lastCy":-6,"epoch":392,"st":{"q":31,"gen":6,"pend":3670,"mesh":6,"ready":627},"qVox":2412,"qMesh":26977,"actVox":6,"actMesh":6,"defMeshDefer":0,"hasFocus":1,"meshBpThr":0},"timestamp":16872785679}
{"sessionId":"415652","hypothesisId":"H5","location":"Voxel.cpp:UpdateStreamingChunks","message":"stream_refresh","data":{"cx":-387,"cy":-6,"epoch":393,"chunkEntries":4340,"focusX":-1236877.57,"focusY":-17070.83},"timestamp":16872785812}
{"sessionId":"415652","hypothesisId":"H5","location":"Voxel.cpp:UpdateStreamingChunks","message":"stream_refresh","data":{"cx":-388,"cy":-6,"epoch":394,"chunkEntries":4339,"focusX":-1239042.85,"focusY":-17114.41},"timestamp":16872785919}
{"sessionId":"415652","hypothesisId":"H5","location":"Voxel.cpp:UpdateStreamingChunks","message":"stream_refresh","data":{"cx":-389,"cy":-6,"epoch":395,"chunkEntries":4338,"focusX":-1243117.24,"focusY":-17196.41},"timestamp":16872786122}
{"sessionId":"415652","hypothesisId":"H5","location":"Voxel.cpp:UpdateStreamingChunks","message":"stream_refresh","data":{"cx":-390,"cy":-6,"epoch":396,"chunkEntries":4337,"focusX":-1245116.79,"focusY":-17236.65},"timestamp":16872786224}
{"sessionId":"415652","hypothesisId":"H5","location":"Voxel.cpp:UpdateStreamingChunks","message":"stream_refresh","data":{"cx":-391,"cy":-6,"epoch":397,"chunkEntries":4336,"focusX":-1249298.07,"focusY":-17320.80},"timestamp":16872786432}
{"sessionId":"415652","hypothesisId":"H5","location":"Voxel.cpp:UpdateStreamingChunks","message":"stream_refresh","data":{"cx":-392,"cy":-6,"epoch":398,"chunkEntries":4335,"focusX":-1251407.06,"focusY":-17363.24},"timestamp":16872786537}
{"sessionId":"415652","hypothesisId":"H3","location":"Voxel.cpp:Tick","message":"snapshot","data":{"runId":"post-fix","lastCx":-392,"lastCy":-6,"epoch":398,"st":{"q":0,"gen":0,"pend":3690,"mesh":12,"ready":632},"qVox":2381,"qMesh":27393,"actVox":0,"actMesh":12,"defMeshDefer":0,"hasFocus":1,"meshBpThr":0},"timestamp":16872786688}
{"sessionId":"415652","hypothesisId":"H5","location":"Voxel.cpp:UpdateStreamingChunks","message":"stream_refresh","data":{"cx":-393,"cy":-6,"epoch":399,"chunkEntries":4334,"focusX":-1255540.52,"focusY":-17446.42},"timestamp":16872786745}
{"sessionId":"415652","hypothesisId":"H5","location":"Voxel.cpp:UpdateStreamingChunks","message":"stream_refresh","data":{"cx":-394,"cy":-6,"epoch":400,"chunkEntries":4333,"focusX":-1257729.25,"focusY":-17490.47},"timestamp":16872786853}
{"sessionId":"415652","hypothesisId":"H5","location":"Voxel.cpp:UpdateStreamingChunks","message":"stream_refresh","data":{"cx":-395,"cy":-6,"epoch":401,"chunkEntries":4332,"focusX":-1262010.91,"focusY":-17576.64},"timestamp":16872787067}
{"sessionId":"415652","hypothesisId":"H5","location":"Voxel.cpp:UpdateStreamingChunks","message":"stream_refresh","data":{"cx":-396,"cy":-6,"epoch":402,"chunkEntries":4331,"focusX":-1264005.49,"focusY":-17616.78},"timestamp":16872787167}
{"sessionId":"415652","hypothesisId":"H5","location":"Voxel.cpp:UpdateStreamingChunks","message":"stream_refresh","data":{"cx":-397,"cy":-6,"epoch":403,"chunkEntries":4330,"focusX":-1268170.62,"focusY":-17700.61},"timestamp":16872787376}
{"sessionId":"415652","hypothesisId":"H5","location":"Voxel.cpp:UpdateStreamingChunks","message":"stream_refresh","data":{"cx":-398,"cy":-6,"epoch":404,"chunkEntries":4329,"focusX":-1272263.02,"focusY":-17782.97},"timestamp":16872787581}
{"sessionId":"415652","hypothesisId":"H5","location":"Voxel.cpp:UpdateStreamingChunks","message":"stream_refresh","data":{"cx":-399,"cy":-6,"epoch":405,"chunkEntries":4328,"focusX":-1274455.63,"focusY":-17827.09},"timestamp":16872787690}
{"sessionId":"415652","hypothesisId":"H3","location":"Voxel.cpp:Tick","message":"snapshot","data":{"runId":"post-fix","lastCx":-399,"lastCy":-6,"epoch":405,"st":{"q":73,"gen":6,"pend":3609,"mesh":6,"ready":633},"qVox":2454,"qMesh":27774,"actVox":6,"actMesh":6,"defMeshDefer":0,"hasFocus":1,"meshBpThr":0},"timestamp":16872787695}
{"sessionId":"415652","hypothesisId":"H5","location":"Voxel.cpp:UpdateStreamingChunks","message":"stream_refresh","data":{"cx":-400,"cy":-6,"epoch":406,"chunkEntries":4327,"focusX":-1278595.03,"focusY":-17910.40},"timestamp":16872787897}
{"sessionId":"415652","hypothesisId":"H5","location":"Voxel.cpp:UpdateStreamingChunks","message":"stream_refresh","data":{"cx":-401,"cy":-6,"epoch":407,"chunkEntries":4326,"focusX":-1280751.24,"focusY":-17953.79},"timestamp":16872788005}
{"sessionId":"415652","hypothesisId":"H5","location":"Voxel.cpp:UpdateStreamingChunks","message":"stream_refresh","data":{"cx":-402,"cy":-6,"epoch":408,"chunkEntries":4325,"focusX":-1285070.68,"focusY":-18040.72},"timestamp":16872788221}
{"sessionId":"415652","hypothesisId":"H5","location":"Voxel.cpp:UpdateStreamingChunks","message":"stream_refresh","data":{"cx":-403,"cy":-6,"epoch":409,"chunkEntries":4324,"focusX":-1287196.60,"focusY":-18083.50},"timestamp":16872788328}
{"sessionId":"415652","hypothesisId":"H5","location":"Voxel.cpp:UpdateStreamingChunks","message":"stream_refresh","data":{"cx":-404,"cy":-6,"epoch":410,"chunkEntries":4323,"focusX":-1291537.26,"focusY":-18170.86},"timestamp":16872788545}
{"sessionId":"415652","hypothesisId":"H5","location":"Voxel.cpp:UpdateStreamingChunks","message":"stream_refresh","data":{"cx":-405,"cy":-6,"epoch":411,"chunkEntries":4322,"focusX":-1293594.26,"focusY":-18212.26},"timestamp":16872788648}
{"sessionId":"415652","hypothesisId":"H3","location":"Voxel.cpp:Tick","message":"snapshot","data":{"runId":"post-fix","lastCx":-405,"lastCy":-6,"epoch":411,"st":{"q":49,"gen":6,"pend":3642,"mesh":6,"ready":618},"qVox":2430,"qMesh":28203,"actVox":6,"actMesh":6,"defMeshDefer":0,"hasFocus":1,"meshBpThr":0},"timestamp":16872788705}
{"sessionId":"415652","hypothesisId":"H5","location":"Voxel.cpp:UpdateStreamingChunks","message":"stream_refresh","data":{"cx":-406,"cy":-6,"epoch":412,"chunkEntries":4321,"focusX":-1297633.35,"focusY":-18293.54},"timestamp":16872788854}
{"sessionId":"415652","hypothesisId":"H5","location":"Voxel.cpp:UpdateStreamingChunks","message":"stream_refresh","data":{"cx":-407,"cy":-6,"epoch":413,"chunkEntries":4320,"focusX":-1299860.95,"focusY":-18338.37},"timestamp":16872788963}
{"sessionId":"415652","hypothesisId":"H5","location":"Voxel.cpp:UpdateStreamingChunks","message":"stream_refresh","data":{"cx":-408,"cy":-6,"epoch":414,"chunkEntries":4319,"focusX":-1304029.62,"focusY":-18422.27},"timestamp":16872789170}
{"sessionId":"415652","hypothesisId":"H5","location":"Voxel.cpp:UpdateStreamingChunks","message":"stream_refresh","data":{"cx":-409,"cy":-6,"epoch":415,"chunkEntries":4318,"focusX":-1306109.69,"focusY":-18464.13},"timestamp":16872789274}
{"sessionId":"415652","hypothesisId":"H5","location":"Voxel.cpp:UpdateStreamingChunks","message":"stream_refresh","data":{"cx":-410,"cy":-6,"epoch":416,"chunkEntries":4317,"focusX":-1310349.58,"focusY":-18549.46},"timestamp":16872789486}
{"sessionId":"415652","hypothesisId":"H5","location":"Voxel.cpp:UpdateStreamingChunks","message":"stream_refresh","data":{"cx":-411,"cy":-6,"epoch":417,"chunkEntries":4316,"focusX":-1312541.50,"focusY":-18593.57},"timestamp":16872789595}
{"sessionId":"415652","hypothesisId":"H3","location":"Voxel.cpp:Tick","message":"snapshot","data":{"runId":"post-fix","lastCx":-411,"lastCy":-6,"epoch":417,"st":{"q":7,"gen":6,"pend":3682,"mesh":6,"ready":614},"qVox":2388,"qMesh":28639,"actVox":6,"actMesh":6,"defMeshDefer":0,"hasFocus":1,"meshBpThr":0},"timestamp":16872789715}
{"sessionId":"415652","hypothesisId":"H5","location":"Voxel.cpp:UpdateStreamingChunks","message":"stream_refresh","data":{"cx":-412,"cy":-6,"epoch":418,"chunkEntries":4315,"focusX":-1316745.50,"focusY":-18678.18},"timestamp":16872789805}
{"sessionId":"415652","hypothesisId":"H5","location":"Voxel.cpp:UpdateStreamingChunks","message":"stream_refresh","data":{"cx":-413,"cy":-6,"epoch":419,"chunkEntries":4314,"focusX":-1318778.52,"focusY":-18719.09},"timestamp":16872789908}
{"sessionId":"415652","hypothesisId":"H5","location":"Voxel.cpp:UpdateStreamingChunks","message":"stream_refresh","data":{"cx":-414,"cy":-6,"epoch":420,"chunkEntries":4313,"focusX":-1323112.68,"focusY":-18806.32},"timestamp":16872790124}
{"sessionId":"415652","hypothesisId":"H5","location":"Voxel.cpp:UpdateStreamingChunks","message":"stream_refresh","data":{"cx":-415,"cy":-6,"epoch":421,"chunkEntries":4312,"focusX":-1325136.80,"focusY":-18847.05},"timestamp":16872790224}
{"sessionId":"415652","hypothesisId":"H5","location":"Voxel.cpp:UpdateStreamingChunks","message":"stream_refresh","data":{"cx":-416,"cy":-6,"epoch":422,"chunkEntries":4311,"focusX":-1329367.78,"focusY":-18932.20},"timestamp":16872790436}
{"sessionId":"415652","hypothesisId":"H5","location":"Voxel.cpp:UpdateStreamingChunks","message":"stream_refresh","data":{"cx":-417,"cy":-6,"epoch":423,"chunkEntries":4310,"focusX":-1331538.40,"focusY":-18975.88},"timestamp":16872790546}
{"sessionId":"415652","hypothesisId":"H3","location":"Voxel.cpp:Tick","message":"snapshot","data":{"runId":"post-fix","lastCx":-417,"lastCy":-6,"epoch":423,"st":{"q":0,"gen":0,"pend":3685,"mesh":12,"ready":612},"qVox":2381,"qMesh":29038,"actVox":0,"actMesh":12,"defMeshDefer":0,"hasFocus":1,"meshBpThr":0},"timestamp":16872790716}
{"sessionId":"415652","hypothesisId":"H5","location":"Voxel.cpp:UpdateStreamingChunks","message":"stream_refresh","data":{"cx":-418,"cy":-6,"epoch":424,"chunkEntries":4309,"focusX":-1335701.21,"focusY":-19059.66},"timestamp":16872790753}
{"sessionId":"415652","hypothesisId":"H5","location":"Voxel.cpp:UpdateStreamingChunks","message":"stream_refresh","data":{"cx":-419,"cy":-6,"epoch":425,"chunkEntries":4308,"focusX":-1337742.08,"focusY":-19100.73},"timestamp":16872790855}
{"sessionId":"415652","hypothesisId":"H5","location":"Voxel.cpp:UpdateStreamingChunks","message":"stream_refresh","data":{"cx":-420,"cy":-6,"epoch":426,"chunkEntries":4307,"focusX":-1341873.82,"focusY":-19183.89},"timestamp":16872791062}
{"sessionId":"415652","hypothesisId":"H5","location":"Voxel.cpp:UpdateStreamingChunks","message":"stream_refresh","data":{"cx":-420,"cy":-7,"epoch":427,"chunkEntries":4306,"focusX":-1343902.79,"focusY":-19224.72},"timestamp":16872791164}
{"sessionId":"415652","hypothesisId":"H5","location":"Voxel.cpp:UpdateStreamingChunks","message":"stream_refresh","data":{"cx":-421,"cy":-7,"epoch":428,"chunkEntries":4355,"focusX":-1346071.49,"focusY":-19268.36},"timestamp":16872791272}
{"sessionId":"415652","hypothesisId":"H5","location":"Voxel.cpp:UpdateStreamingChunks","message":"stream_refresh","data":{"cx":-422,"cy":-7,"epoch":429,"chunkEntries":4355,"focusX":-1348116.45,"focusY":-19309.52},"timestamp":16872791374}
{"sessionId":"415652","hypothesisId":"H5","location":"Voxel.cpp:UpdateStreamingChunks","message":"stream_refresh","data":{"cx":-423,"cy":-7,"epoch":430,"chunkEntries":4354,"focusX":-1352305.19,"focusY":-19393.82},"timestamp":16872791585}
{"sessionId":"415652","hypothesisId":"H5","location":"Voxel.cpp:UpdateStreamingChunks","message":"stream_refresh","data":{"cx":-424,"cy":-7,"epoch":431,"chunkEntries":4353,"focusX":-1354354.91,"focusY":-19435.07},"timestamp":16872791686}
{"sessionId":"415652","hypothesisId":"H3","location":"Voxel.cpp:Tick","message":"snapshot","data":{"runId":"post-fix","lastCx":-424,"lastCy":-7,"epoch":431,"st":{"q":61,"gen":6,"pend":3684,"mesh":6,"ready":595},"qVox":2443,"qMesh":29513,"actVox":6,"actMesh":6,"defMeshDefer":0,"hasFocus":1,"meshBpThr":0},"timestamp":16872791725}
{"sessionId":"415652","hypothesisId":"H5","location":"Voxel.cpp:UpdateStreamingChunks","message":"stream_refresh","data":{"cx":-425,"cy":-7,"epoch":432,"chunkEntries":4352,"focusX":-1358612.21,"focusY":-19520.75},"timestamp":16872791901}
{"sessionId":"415652","hypothesisId":"H5","location":"Voxel.cpp:UpdateStreamingChunks","message":"stream_refresh","data":{"cx":-426,"cy":-7,"epoch":433,"chunkEntries":4351,"focusX":-1360648.87,"focusY":-19561.73},"timestamp":16872792001}
{"sessionId":"415652","hypothesisId":"H5","location":"Voxel.cpp:UpdateStreamingChunks","message":"stream_refresh","data":{"cx":-427,"cy":-7,"epoch":434,"chunkEntries":4350,"focusX":-1364868.15,"focusY":-19646.65},"timestamp":16872792213}
{"sessionId":"415652","hypothesisId":"H5","location":"Voxel.cpp:UpdateStreamingChunks","message":"stream_refresh","data":{"cx":-428,"cy":-7,"epoch":435,"chunkEntries":4349,"focusX":-1366969.43,"focusY":-19688.94},"timestamp":16872792319}
{"sessionId":"415652","hypothesisId":"H5","location":"Voxel.cpp:UpdateStreamingChunks","message":"stream_refresh","data":{"cx":-429,"cy":-7,"epoch":436,"chunkEntries":4348,"focusX":-1371147.24,"focusY":-19773.01},"timestamp":16872792528}
{"sessionId":"415652","hypothesisId":"H5","location":"Voxel.cpp:UpdateStreamingChunks","message":"stream_refresh","data":{"cx":-430,"cy":-7,"epoch":437,"chunkEntries":4347,"focusX":-1373253.24,"focusY":-19815.40},"timestamp":16872792633}
{"sessionId":"415652","hypothesisId":"H3","location":"Voxel.cpp:Tick","message":"snapshot","data":{"runId":"post-fix","lastCx":-430,"lastCy":-7,"epoch":437,"st":{"q":31,"gen":6,"pend":3710,"mesh":6,"ready":593},"qVox":2413,"qMesh":29935,"actVox":6,"actMesh":6,"defMeshDefer":0,"hasFocus":1,"meshBpThr":0},"timestamp":16872792726}
{"sessionId":"415652","hypothesisId":"H5","location":"Voxel.cpp:UpdateStreamingChunks","message":"stream_refresh","data":{"cx":-431,"cy":-7,"epoch":438,"chunkEntries":4346,"focusX":-1377347.29,"focusY":-19897.79},"timestamp":16872792836}
{"sessionId":"415652","hypothesisId":"H5","location":"Voxel.cpp:UpdateStreamingChunks","message":"stream_refresh","data":{"cx":-432,"cy":-7,"epoch":439,"chunkEntries":4345,"focusX":-1379401.37,"focusY":-19939.13},"timestamp":16872792940}
{"sessionId":"415652","hypothesisId":"H5","location":"Voxel.cpp:UpdateStreamingChunks","message":"stream_refresh","data":{"cx":-433,"cy":-7,"epoch":440,"chunkEntries":4344,"focusX":-1383760.17,"focusY":-20026.85},"timestamp":16872793157}
{"sessionId":"415652","hypothesisId":"H5","location":"Voxel.cpp:UpdateStreamingChunks","message":"stream_refresh","data":{"cx":-434,"cy":-7,"epoch":441,"chunkEntries":4343,"focusX":-1385789.98,"focusY":-20067.70},"timestamp":16872793258}
{"sessionId":"415652","hypothesisId":"H5","location":"Voxel.cpp:UpdateStreamingChunks","message":"stream_refresh","data":{"cx":-435,"cy":-7,"epoch":442,"chunkEntries":4342,"focusX":-1390123.50,"focusY":-20154.91},"timestamp":16872793479}
{"sessionId":"415652","hypothesisId":"H5","location":"Voxel.cpp:UpdateStreamingChunks","message":"stream_refresh","data":{"cx":-436,"cy":-7,"epoch":443,"chunkEntries":4341,"focusX":-1392201.16,"focusY":-20196.72},"timestamp":16872793581}
{"sessionId":"415652","hypothesisId":"H3","location":"Voxel.cpp:Tick","message":"snapshot","data":{"runId":"post-fix","lastCx":-436,"lastCy":-7,"epoch":443,"st":{"q":0,"gen":1,"pend":3734,"mesh":11,"ready":594},"qVox":2382,"qMesh":30355,"actVox":1,"actMesh":11,"defMeshDefer":0,"hasFocus":1,"meshBpThr":0},"timestamp":16872793738}
{"sessionId":"415652","hypothesisId":"H5","location":"Voxel.cpp:UpdateStreamingChunks","message":"stream_refresh","data":{"cx":-437,"cy":-7,"epoch":444,"chunkEntries":4340,"focusX":-1396593.77,"focusY":-20285.13},"timestamp":16872793799}
{"sessionId":"415652","hypothesisId":"H5","location":"Voxel.cpp:UpdateStreamingChunks","message":"stream_refresh","data":{"cx":-438,"cy":-7,"epoch":445,"chunkEntries":4339,"focusX":-1398618.09,"focusY":-20325.87},"timestamp":16872793900}
{"sessionId":"415652","hypothesisId":"H5","location":"Voxel.cpp:UpdateStreamingChunks","message":"stream_refresh","data":{"cx":-439,"cy":-7,"epoch":446,"chunkEntries":4338,"focusX":-1402830.67,"focusY":-20410.64},"timestamp":16872794111}
{"sessionId":"415652","hypothesisId":"H5","location":"Voxel.cpp:UpdateStreamingChunks","message":"stream_refresh","data":{"cx":-440,"cy":-7,"epoch":447,"chunkEntries":4337,"focusX":-1404857.94,"focusY":-20451.44},"timestamp":16872794212}
{"sessionId":"415652","hypothesisId":"H5","location":"Voxel.cpp:UpdateStreamingChunks","message":"stream_refresh","data":{"cx":-441,"cy":-7,"epoch":448,"chunkEntries":4336,"focusX":-1409108.04,"focusY":-20536.98},"timestamp":16872794424}
{"sessionId":"415652","hypothesisId":"H5","location":"Voxel.cpp:UpdateStreamingChunks","message":"stream_refresh","data":{"cx":-442,"cy":-7,"epoch":449,"chunkEntries":4335,"focusX":-1411260.81,"focusY":-20580.30},"timestamp":16872794532}
{"sessionId":"415652","hypothesisId":"H3","location":"Voxel.cpp:Tick","message":"snapshot","data":{"runId":"post-fix","lastCx":-442,"lastCy":-7,"epoch":449,"st":{"q":0,"gen":0,"pend":3725,"mesh":12,"ready":597},"qVox":2382,"qMesh":30742,"actVox":0,"actMesh":12,"defMeshDefer":0,"hasFocus":1,"meshBpThr":0},"timestamp":16872794740}
{"sessionId":"415652","hypothesisId":"H5","location":"Voxel.cpp:UpdateStreamingChunks","message":"stream_refresh","data":{"cx":-443,"cy":-7,"epoch":450,"chunkEntries":4334,"focusX":-1415576.23,"focusY":-20667.15},"timestamp":16872794749}
{"sessionId":"415652","hypothesisId":"H5","location":"Voxel.cpp:UpdateStreamingChunks","message":"stream_refresh","data":{"cx":-444,"cy":-7,"epoch":451,"chunkEntries":4333,"focusX":-1417644.32,"focusY":-20708.77},"timestamp":16872794851}
{"sessionId":"415652","hypothesisId":"H5","location":"Voxel.cpp:UpdateStreamingChunks","message":"stream_refresh","data":{"cx":-445,"cy":-7,"epoch":452,"chunkEntries":4332,"focusX":-1421830.04,"focusY":-20793.01},"timestamp":16872795060}
{"sessionId":"415652","hypothesisId":"H5","location":"Voxel.cpp:UpdateStreamingChunks","message":"stream_refresh","data":{"cx":-446,"cy":-7,"epoch":453,"chunkEntries":4331,"focusX":-1425994.35,"focusY":-20876.81},"timestamp":16872795268}
{"sessionId":"415652","hypothesisId":"H5","location":"Voxel.cpp:UpdateStreamingChunks","message":"stream_refresh","data":{"cx":-447,"cy":-7,"epoch":454,"chunkEntries":4330,"focusX":-1428117.74,"focusY":-20919.55},"timestamp":16872795375}
{"sessionId":"415652","hypothesisId":"H5","location":"Voxel.cpp:UpdateStreamingChunks","message":"stream_refresh","data":{"cx":-448,"cy":-7,"epoch":455,"chunkEntries":4329,"focusX":-1432291.15,"focusY":-21003.54},"timestamp":16872795585}
{"sessionId":"415652","hypothesisId":"H5","location":"Voxel.cpp:UpdateStreamingChunks","message":"stream_refresh","data":{"cx":-449,"cy":-7,"epoch":456,"chunkEntries":4328,"focusX":-1434313.45,"focusY":-21044.24},"timestamp":16872795685}
{"sessionId":"415652","hypothesisId":"H3","location":"Voxel.cpp:Tick","message":"snapshot","data":{"runId":"post-fix","lastCx":-449,"lastCy":-7,"epoch":456,"st":{"q":49,"gen":6,"pend":3678,"mesh":6,"ready":588},"qVox":2431,"qMesh":31157,"actVox":6,"actMesh":6,"defMeshDefer":0,"hasFocus":1,"meshBpThr":0},"timestamp":16872795742}
{"sessionId":"415652","hypothesisId":"H5","location":"Voxel.cpp:UpdateStreamingChunks","message":"stream_refresh","data":{"cx":-450,"cy":-7,"epoch":457,"chunkEntries":4327,"focusX":-1438567.26,"focusY":-21129.84},"timestamp":16872795898}
{"sessionId":"415652","hypothesisId":"H5","location":"Voxel.cpp:UpdateStreamingChunks","message":"stream_refresh","data":{"cx":-451,"cy":-7,"epoch":458,"chunkEntries":4326,"focusX":-1440700.89,"focusY":-21172.78},"timestamp":16872796006}
{"sessionId":"415652","hypothesisId":"H5","location":"Voxel.cpp:UpdateStreamingChunks","message":"stream_refresh","data":{"cx":-452,"cy":-7,"epoch":459,"chunkEntries":4325,"focusX":-1444958.98,"focusY":-21258.48},"timestamp":16872796217}
{"sessionId":"415652","hypothesisId":"H5","location":"Voxel.cpp:UpdateStreamingChunks","message":"stream_refresh","data":{"cx":-453,"cy":-7,"epoch":460,"chunkEntries":4324,"focusX":-1446966.93,"focusY":-21298.89},"timestamp":16872796318}
{"sessionId":"415652","hypothesisId":"H5","location":"Voxel.cpp:UpdateStreamingChunks","message":"stream_refresh","data":{"cx":-454,"cy":-7,"epoch":461,"chunkEntries":4323,"focusX":-1451252.19,"focusY":-21385.13},"timestamp":16872796532}
{"sessionId":"415652","hypothesisId":"H5","location":"Voxel.cpp:UpdateStreamingChunks","message":"stream_refresh","data":{"cx":-455,"cy":-7,"epoch":462,"chunkEntries":4322,"focusX":-1453411.80,"focusY":-21428.59},"timestamp":16872796640}
{"sessionId":"415652","hypothesisId":"H3","location":"Voxel.cpp:Tick","message":"snapshot","data":{"runId":"post-fix","lastCx":-455,"lastCy":-7,"epoch":462,"st":{"q":13,"gen":6,"pend":3702,"mesh":6,"ready":594},"qVox":2395,"qMesh":31577,"actVox":6,"actMesh":6,"defMeshDefer":0,"hasFocus":1,"meshBpThr":0},"timestamp":16872796751}
{"sessionId":"415652","hypothesisId":"H5","location":"Voxel.cpp:UpdateStreamingChunks","message":"stream_refresh","data":{"cx":-456,"cy":-7,"epoch":463,"chunkEntries":4321,"focusX":-1457726.14,"focusY":-21515.42},"timestamp":16872796857}
{"sessionId":"415652","hypothesisId":"H5","location":"Voxel.cpp:UpdateStreamingChunks","message":"stream_refresh","data":{"cx":-457,"cy":-7,"epoch":464,"chunkEntries":4320,"focusX":-1459938.50,"focusY":-21559.94},"timestamp":16872796968}
{"sessionId":"415652","hypothesisId":"H5","location":"Voxel.cpp:UpdateStreamingChunks","message":"stream_refresh","data":{"cx":-458,"cy":-7,"epoch":465,"chunkEntries":4319,"focusX":-1464144.24,"focusY":-21644.58},"timestamp":16872797179}
{"sessionId":"415652","hypothesisId":"H5","location":"Voxel.cpp:UpdateStreamingChunks","message":"stream_refresh","data":{"cx":-459,"cy":-7,"epoch":466,"chunkEntries":4318,"focusX":-1466229.80,"focusY":-21686.55},"timestamp":16872797282}
{"sessionId":"415652","hypothesisId":"H5","location":"Voxel.cpp:UpdateStreamingChunks","message":"stream_refresh","data":{"cx":-460,"cy":-7,"epoch":467,"chunkEntries":4317,"focusX":-1470454.56,"focusY":-21771.58},"timestamp":16872797493}
{"sessionId":"415652","hypothesisId":"H5","location":"Voxel.cpp:UpdateStreamingChunks","message":"stream_refresh","data":{"cx":-461,"cy":-7,"epoch":468,"chunkEntries":4316,"focusX":-1472519.16,"focusY":-21813.13},"timestamp":16872797595}
{"sessionId":"415652","hypothesisId":"H3","location":"Voxel.cpp:Tick","message":"snapshot","data":{"runId":"post-fix","lastCx":-461,"lastCy":-7,"epoch":468,"st":{"q":0,"gen":0,"pend":3706,"mesh":12,"ready":597},"qVox":2382,"qMesh":31977,"actVox":0,"actMesh":12,"defMeshDefer":0,"hasFocus":1,"meshBpThr":0},"timestamp":16872797763}
{"sessionId":"415652","hypothesisId":"H5","location":"Voxel.cpp:UpdateStreamingChunks","message":"stream_refresh","data":{"cx":-462,"cy":-7,"epoch":469,"chunkEntries":4315,"focusX":-1476633.04,"focusY":-21895.92},"timestamp":16872797804}
{"sessionId":"415652","hypothesisId":"H5","location":"Voxel.cpp:UpdateStreamingChunks","message":"stream_refresh","data":{"cx":-463,"cy":-7,"epoch":470,"chunkEntries":4314,"focusX":-1478697.03,"focusY":-21937.46},"timestamp":16872797905}
{"sessionId":"415652","hypothesisId":"H5","location":"Voxel.cpp:UpdateStreamingChunks","message":"stream_refresh","data":{"cx":-464,"cy":-7,"epoch":471,"chunkEntries":4313,"focusX":-1482905.79,"focusY":-22022.16},"timestamp":16872798115}
{"sessionId":"415652","hypothesisId":"H5","location":"Voxel.cpp:UpdateStreamingChunks","message":"stream_refresh","data":{"cx":-465,"cy":-7,"epoch":472,"chunkEntries":4312,"focusX":-1485051.01,"focusY":-22065.33},"timestamp":16872798223}
{"sessionId":"415652","hypothesisId":"H5","location":"Voxel.cpp:UpdateStreamingChunks","message":"stream_refresh","data":{"cx":-466,"cy":-7,"epoch":473,"chunkEntries":4311,"focusX":-1489288.03,"focusY":-22150.60},"timestamp":16872798434}
{"sessionId":"415652","hypothesisId":"H5","location":"Voxel.cpp:UpdateStreamingChunks","message":"stream_refresh","data":{"cx":-467,"cy":-7,"epoch":474,"chunkEntries":4310,"focusX":-1491364.37,"focusY":-22192.39},"timestamp":16872798538}
{"sessionId":"415652","hypothesisId":"H5","location":"Voxel.cpp:UpdateStreamingChunks","message":"stream_refresh","data":{"cx":-468,"cy":-7,"epoch":475,"chunkEntries":4309,"focusX":-1495608.37,"focusY":-22277.80},"timestamp":16872798750}
{"sessionId":"415652","hypothesisId":"H3","location":"Voxel.cpp:Tick","message":"snapshot","data":{"runId":"post-fix","lastCx":-468,"lastCy":-7,"epoch":475,"st":{"q":62,"gen":2,"pend":3632,"mesh":10,"ready":602},"qVox":2444,"qMesh":32365,"actVox":2,"actMesh":10,"defMeshDefer":0,"hasFocus":1,"meshBpThr":0},"timestamp":16872798764}
{"sessionId":"415652","hypothesisId":"H5","location":"Voxel.cpp:UpdateStreamingChunks","message":"stream_refresh","data":{"cx":-469,"cy":-7,"epoch":476,"chunkEntries":4308,"focusX":-1497623.92,"focusY":-22318.36},"timestamp":16872798852}
{"sessionId":"415652","hypothesisId":"H5","location":"Voxel.cpp:UpdateStreamingChunks","message":"stream_refresh","data":{"cx":-470,"cy":-8,"epoch":477,"chunkEntries":4307,"focusX":-1501854.22,"focusY":-22403.50},"timestamp":16872799064}
{"sessionId":"415652","hypothesisId":"H5","location":"Voxel.cpp:UpdateStreamingChunks","message":"stream_refresh","data":{"cx":-471,"cy":-8,"epoch":478,"chunkEntries":4354,"focusX":-1506079.07,"focusY":-22488.52},"timestamp":16872799277}
{"sessionId":"415652","hypothesisId":"H5","location":"Voxel.cpp:UpdateStreamingChunks","message":"stream_refresh","data":{"cx":-472,"cy":-8,"epoch":479,"chunkEntries":4354,"focusX":-1508126.69,"focusY":-22529.73},"timestamp":16872799377}
{"sessionId":"415652","hypothesisId":"H5","location":"Voxel.cpp:UpdateStreamingChunks","message":"stream_refresh","data":{"cx":-473,"cy":-8,"epoch":480,"chunkEntries":4353,"focusX":-1512391.12,"focusY":-22615.55},"timestamp":16872799589}
{"sessionId":"415652","hypothesisId":"H5","location":"Voxel.cpp:UpdateStreamingChunks","message":"stream_refresh","data":{"cx":-474,"cy":-8,"epoch":481,"chunkEntries":4352,"focusX":-1514407.79,"focusY":-22656.14},"timestamp":16872799690}
{"sessionId":"415652","hypothesisId":"H3","location":"Voxel.cpp:Tick","message":"snapshot","data":{"runId":"post-fix","lastCx":-474,"lastCy":-8,"epoch":481,"st":{"q":37,"gen":6,"pend":3711,"mesh":6,"ready":591},"qVox":2420,"qMesh":32854,"actVox":6,"actMesh":6,"defMeshDefer":0,"hasFocus":1,"meshBpThr":0},"timestamp":16872799771}
{"sessionId":"415652","hypothesisId":"H5","location":"Voxel.cpp:UpdateStreamingChunks","message":"stream_refresh","data":{"cx":-475,"cy":-8,"epoch":482,"chunkEntries":4351,"focusX":-1518613.95,"focusY":-22740.79},"timestamp":16872799901}
{"sessionId":"415652","hypothesisId":"H5","location":"Voxel.cpp:UpdateStreamingChunks","message":"stream_refresh","data":{"cx":-476,"cy":-8,"epoch":483,"chunkEntries":4350,"focusX":-1520802.45,"focusY":-22784.83},"timestamp":16872800011}
{"sessionId":"415652","hypothesisId":"H5","location":"Voxel.cpp:UpdateStreamingChunks","message":"stream_refresh","data":{"cx":-477,"cy":-8,"epoch":484,"chunkEntries":4349,"focusX":-1525020.29,"focusY":-22869.71},"timestamp":16872800221}
{"sessionId":"415652","hypothesisId":"H5","location":"Voxel.cpp:UpdateStreamingChunks","message":"stream_refresh","data":{"cx":-478,"cy":-8,"epoch":485,"chunkEntries":4348,"focusX":-1527028.27,"focusY":-22910.12},"timestamp":16872800322}
{"sessionId":"415652","hypothesisId":"H5","location":"Voxel.cpp:UpdateStreamingChunks","message":"stream_refresh","data":{"cx":-479,"cy":-8,"epoch":486,"chunkEntries":4347,"focusX":-1531280.83,"focusY":-22995.71},"timestamp":16872800534}
{"sessionId":"415652","hypothesisId":"H5","location":"Voxel.cpp:UpdateStreamingChunks","message":"stream_refresh","data":{"cx":-480,"cy":-8,"epoch":487,"chunkEntries":4346,"focusX":-1533332.01,"focusY":-23036.99},"timestamp":16872800637}
{"sessionId":"415652","hypothesisId":"H3","location":"Voxel.cpp:Tick","message":"snapshot","data":{"runId":"post-fix","lastCx":-480,"lastCy":-8,"epoch":487,"st":{"q":1,"gen":6,"pend":3735,"mesh":6,"ready":597},"qVox":2384,"qMesh":33274,"actVox":6,"actMesh":6,"defMeshDefer":0,"hasFocus":1,"meshBpThr":0},"timestamp":16872800779}
{"sessionId":"415652","hypothesisId":"H5","location":"Voxel.cpp:UpdateStreamingChunks","message":"stream_refresh","data":{"cx":-481,"cy":-8,"epoch":488,"chunkEntries":4345,"focusX":-1537651.47,"focusY":-23123.92},"timestamp":16872800854}
{"sessionId":"415652","hypothesisId":"H5","location":"Voxel.cpp:UpdateStreamingChunks","message":"stream_refresh","data":{"cx":-482,"cy":-8,"epoch":489,"chunkEntries":4344,"focusX":-1539863.53,"focusY":-23168.43},"timestamp":16872800964}
{"sessionId":"415652","hypothesisId":"H5","location":"Voxel.cpp:UpdateStreamingChunks","message":"stream_refresh","data":{"cx":-483,"cy":-8,"epoch":490,"chunkEntries":4343,"focusX":-1544023.87,"focusY":-23252.16},"timestamp":16872801171}
{"sessionId":"415652","hypothesisId":"H5","location":"Voxel.cpp:UpdateStreamingChunks","message":"stream_refresh","data":{"cx":-484,"cy":-8,"epoch":491,"chunkEntries":4342,"focusX":-1546085.75,"focusY":-23293.66},"timestamp":16872801275}
{"sessionId":"415652","hypothesisId":"H5","location":"Voxel.cpp:UpdateStreamingChunks","message":"stream_refresh","data":{"cx":-485,"cy":-8,"epoch":492,"chunkEntries":4341,"focusX":-1550182.76,"focusY":-23376.11},"timestamp":16872801480}
{"sessionId":"415652","hypothesisId":"H5","location":"Voxel.cpp:UpdateStreamingChunks","message":"stream_refresh","data":{"cx":-486,"cy":-8,"epoch":493,"chunkEntries":4340,"focusX":-1552208.21,"focusY":-23416.87},"timestamp":16872801582}
{"sessionId":"415652","hypothesisId":"H3","location":"Voxel.cpp:Tick","message":"snapshot","data":{"runId":"post-fix","lastCx":-486,"lastCy":-8,"epoch":493,"st":{"q":0,"gen":0,"pend":3729,"mesh":12,"ready":598},"qVox":2383,"qMesh":33664,"actVox":0,"actMesh":12,"defMeshDefer":0,"hasFocus":1,"meshBpThr":0},"timestamp":16872801783}
{"sessionId":"415652","hypothesisId":"H5","location":"Voxel.cpp:UpdateStreamingChunks","message":"stream_refresh","data":{"cx":-487,"cy":-8,"epoch":494,"chunkEntries":4339,"focusX":-1556391.12,"focusY":-23501.05},"timestamp":16872801792}
{"sessionId":"415652","hypothesisId":"H5","location":"Voxel.cpp:UpdateStreamingChunks","message":"stream_refresh","data":{"cx":-488,"cy":-8,"epoch":495,"chunkEntries":4338,"focusX":-1558569.55,"focusY":-23544.89},"timestamp":16872801900}
{"sessionId":"415652","hypothesisId":"H5","location":"Voxel.cpp:UpdateStreamingChunks","message":"stream_refresh","data":{"cx":-489,"cy":-8,"epoch":496,"chunkEntries":4337,"focusX":-1562693.90,"focusY":-23627.90},"timestamp":16872802105}
{"sessionId":"415652","hypothesisId":"H5","location":"Voxel.cpp:UpdateStreamingChunks","message":"stream_refresh","data":{"cx":-490,"cy":-8,"epoch":497,"chunkEntries":4336,"focusX":-1566862.81,"focusY":-23711.80},"timestamp":16872802315}
{"sessionId":"415652","hypothesisId":"H5","location":"Voxel.cpp:UpdateStreamingChunks","message":"stream_refresh","data":{"cx":-491,"cy":-8,"epoch":498,"chunkEntries":4335,"focusX":-1568844.23,"focusY":-23751.67},"timestamp":16872802414}
{"sessionId":"415652","hypothesisId":"H5","location":"Voxel.cpp:UpdateStreamingChunks","message":"stream_refresh","data":{"cx":-492,"cy":-8,"epoch":499,"chunkEntries":4334,"focusX":-1572979.07,"focusY":-23834.89},"timestamp":16872802620}
{"sessionId":"415652","hypothesisId":"H5","location":"Voxel.cpp:UpdateStreamingChunks","message":"stream_refresh","data":{"cx":-493,"cy":-8,"epoch":500,"chunkEntries":4333,"focusX":-1575128.89,"focusY":-23878.15},"timestamp":16872802727}
{"sessionId":"415652","hypothesisId":"H3","location":"Voxel.cpp:Tick","message":"snapshot","data":{"runId":"post-fix","lastCx":-493,"lastCy":-8,"epoch":500,"st":{"q":49,"gen":6,"pend":3688,"mesh":6,"ready":583},"qVox":2432,"qMesh":34085,"actVox":6,"actMesh":6,"defMeshDefer":0,"hasFocus":1,"meshBpThr":0},"timestamp":16872802788}
{"sessionId":"415652","hypothesisId":"H5","location":"Voxel.cpp:UpdateStreamingChunks","message":"stream_refresh","data":{"cx":-494,"cy":-8,"epoch":501,"chunkEntries":4332,"focusX":-1579332.54,"focusY":-23962.75},"timestamp":16872802937}
{"sessionId":"415652","hypothesisId":"H5","location":"Voxel.cpp:UpdateStreamingChunks","message":"stream_refresh","data":{"cx":-495,"cy":-8,"epoch":502,"chunkEntries":4331,"focusX":-1581382.69,"focusY":-24004.01},"timestamp":16872803042}
{"sessionId":"415652","hypothesisId":"H5","location":"Voxel.cpp:UpdateStreamingChunks","message":"stream_refresh","data":{"cx":-496,"cy":-8,"epoch":503,"chunkEntries":4330,"focusX":-1585573.55,"focusY":-24088.35},"timestamp":16872803252}
{"sessionId":"415652","hypothesisId":"H5","location":"Voxel.cpp:UpdateStreamingChunks","message":"stream_refresh","data":{"cx":-497,"cy":-8,"epoch":504,"chunkEntries":4329,"focusX":-1587679.69,"focusY":-24130.74},"timestamp":16872803355}
{"sessionId":"415652","hypothesisId":"H5","location":"Voxel.cpp:UpdateStreamingChunks","message":"stream_refresh","data":{"cx":-498,"cy":-8,"epoch":505,"chunkEntries":4328,"focusX":-1591841.64,"focusY":-24214.50},"timestamp":16872803563}
{"sessionId":"415652","hypothesisId":"H5","location":"Voxel.cpp:UpdateStreamingChunks","message":"stream_refresh","data":{"cx":-499,"cy":-8,"epoch":506,"chunkEntries":4327,"focusX":-1593993.41,"focusY":-24257.80},"timestamp":16872803672}
{"sessionId":"415652","hypothesisId":"H3","location":"Voxel.cpp:Tick","message":"snapshot","data":{"runId":"post-fix","lastCx":-499,"lastCy":-8,"epoch":506,"st":{"q":19,"gen":6,"pend":3711,"mesh":6,"ready":584},"qVox":2402,"qMesh":34504,"actVox":6,"actMesh":6,"defMeshDefer":0,"hasFocus":1,"meshBpThr":0},"timestamp":16872803797}
{"sessionId":"415652","hypothesisId":"H5","location":"Voxel.cpp:UpdateStreamingChunks","message":"stream_refresh","data":{"cx":-500,"cy":-8,"epoch":507,"chunkEntries":4326,"focusX":-1598417.56,"focusY":-24346.84},"timestamp":16872803893}
{"sessionId":"415652","hypothesisId":"H5","location":"Voxel.cpp:UpdateStreamingChunks","message":"stream_refresh","data":{"cx":-501,"cy":-8,"epoch":508,"chunkEntries":4325,"focusX":-1600611.18,"focusY":-24390.98},"timestamp":16872804003}
{"sessionId":"415652","hypothesisId":"H5","location":"Voxel.cpp:UpdateStreamingChunks","message":"stream_refresh","data":{"cx":-502,"cy":-8,"epoch":509,"chunkEntries":4324,"focusX":-1604753.00,"focusY":-24474.34},"timestamp":16872804209}
{"sessionId":"415652","hypothesisId":"H5","location":"Voxel.cpp:UpdateStreamingChunks","message":"stream_refresh","data":{"cx":-503,"cy":-8,"epoch":510,"chunkEntries":4323,"focusX":-1606947.76,"focusY":-24518.51},"timestamp":16872804320}
{"sessionId":"415652","hypothesisId":"H5","location":"Voxel.cpp:UpdateStreamingChunks","message":"stream_refresh","data":{"cx":-504,"cy":-8,"epoch":511,"chunkEntries":4322,"focusX":-1611123.05,"focusY":-24602.54},"timestamp":16872804528}
{"sessionId":"415652","hypothesisId":"H5","location":"Voxel.cpp:UpdateStreamingChunks","message":"stream_refresh","data":{"cx":-505,"cy":-8,"epoch":512,"chunkEntries":4321,"focusX":-1613270.99,"focusY":-24645.76},"timestamp":16872804636}
{"sessionId":"415652","hypothesisId":"H3","location":"Voxel.cpp:Tick","message":"snapshot","data":{"runId":"post-fix","lastCx":-505,"lastCy":-8,"epoch":512,"st":{"q":0,"gen":1,"pend":3728,"mesh":11,"ready":580},"qVox":2383,"qMesh":34917,"actVox":1,"actMesh":11,"defMeshDefer":0,"hasFocus":1,"meshBpThr":0},"timestamp":16872804803}
{"sessionId":"415652","hypothesisId":"H5","location":"Voxel.cpp:UpdateStreamingChunks","message":"stream_refresh","data":{"cx":-506,"cy":-8,"epoch":513,"chunkEntries":4320,"focusX":-1617503.12,"focusY":-24730.93},"timestamp":16872804847}
{"sessionId":"415652","hypothesisId":"H5","location":"Voxel.cpp:UpdateStreamingChunks","message":"stream_refresh","data":{"cx":-507,"cy":-8,"epoch":514,"chunkEntries":4319,"focusX":-1619626.75,"focusY":-24773.67},"timestamp":16872804952}
{"sessionId":"415652","hypothesisId":"H5","location":"Voxel.cpp:UpdateStreamingChunks","message":"stream_refresh","data":{"cx":-508,"cy":-8,"epoch":515,"chunkEntries":4318,"focusX":-1624009.47,"focusY":-24861.87},"timestamp":16872805173}
{"sessionId":"415652","hypothesisId":"H5","location":"Voxel.cpp:UpdateStreamingChunks","message":"stream_refresh","data":{"cx":-509,"cy":-8,"epoch":516,"chunkEntries":4317,"focusX":-1626180.37,"focusY":-24905.35},"timestamp":16872805281}
{"sessionId":"415652","hypothesisId":"H5","location":"Voxel.cpp:UpdateStreamingChunks","message":"stream_refresh","data":{"cx":-510,"cy":-8,"epoch":517,"chunkEntries":4316,"focusX":-1630359.60,"focusY":-24972.93},"timestamp":16872805489}
{"sessionId":"415652","hypothesisId":"H5","location":"Voxel.cpp:UpdateStreamingChunks","message":"stream_refresh","data":{"cx":-511,"cy":-8,"epoch":518,"chunkEntries":4315,"focusX":-1632524.77,"focusY":-25003.99},"timestamp":16872805600}
{"sessionId":"415652","hypothesisId":"H5","location":"Voxel.cpp:UpdateStreamingChunks","message":"stream_refresh","data":{"cx":-512,"cy":-8,"epoch":519,"chunkEntries":4314,"focusX":-1636787.13,"focusY":-25064.45},"timestamp":16872805812}
{"sessionId":"415652","hypothesisId":"H3","location":"Voxel.cpp:Tick","message":"snapshot","data":{"runId":"post-fix","lastCx":-512,"lastCy":-8,"epoch":519,"st":{"q":64,"gen":1,"pend":3660,"mesh":11,"ready":577},"qVox":2447,"qMesh":35311,"actVox":1,"actMesh":11,"defMeshDefer":0,"hasFocus":1,"meshBpThr":0},"timestamp":16872805816}
{"sessionId":"415652","hypothesisId":"H5","location":"Voxel.cpp:UpdateStreamingChunks","message":"stream_refresh","data":{"cx":-513,"cy":-8,"epoch":520,"chunkEntries":4313,"focusX":-1638955.20,"focusY":-25103.15},"timestamp":16872805922}
{"sessionId":"415652","hypothesisId":"H5","location":"Voxel.cpp:UpdateStreamingChunks","message":"stream_refresh","data":{"cx":-514,"cy":-8,"epoch":521,"chunkEntries":4312,"focusX":-1643307.47,"focusY":-25201.38},"timestamp":16872806141}
{"sessionId":"415652","hypothesisId":"H5","location":"Voxel.cpp:UpdateStreamingChunks","message":"stream_refresh","data":{"cx":-515,"cy":-8,"epoch":522,"chunkEntries":4311,"focusX":-1645546.33,"focusY":-25281.62},"timestamp":16872806250}
{"sessionId":"415652","hypothesisId":"H5","location":"Voxel.cpp:UpdateStreamingChunks","message":"stream_refresh","data":{"cx":-516,"cy":-8,"epoch":523,"chunkEntries":4310,"focusX":-1649801.34,"focusY":-25474.99},"timestamp":16872806464}
{"sessionId":"415652","hypothesisId":"H5","location":"Voxel.cpp:UpdateStreamingChunks","message":"stream_refresh","data":{"cx":-517,"cy":-8,"epoch":524,"chunkEntries":4309,"focusX":-1651963.43,"focusY":-25577.29},"timestamp":16872806571}
{"sessionId":"415652","hypothesisId":"H5","location":"Voxel.cpp:UpdateStreamingChunks","message":"stream_refresh","data":{"cx":-517,"cy":-9,"epoch":525,"chunkEntries":4308,"focusX":-1654158.36,"focusY":-25681.65},"timestamp":16872806683}
{"sessionId":"415652","hypothesisId":"H5","location":"Voxel.cpp:UpdateStreamingChunks","message":"stream_refresh","data":{"cx":-518,"cy":-9,"epoch":526,"chunkEntries":4355,"focusX":-1656382.37,"focusY":-25787.55},"timestamp":16872806794}
{"sessionId":"415652","hypothesisId":"H3","location":"Voxel.cpp:Tick","message":"snapshot","data":{"runId":"post-fix","lastCx":-518,"lastCy":-9,"epoch":526,"st":{"q":107,"gen":6,"pend":3675,"mesh":6,"ready":561},"qVox":2490,"qMesh":35739,"actVox":6,"actMesh":6,"defMeshDefer":0,"hasFocus":1,"meshBpThr":0},"timestamp":16872806827}
{"sessionId":"415652","hypothesisId":"H5","location":"Voxel.cpp:UpdateStreamingChunks","message":"stream_refresh","data":{"cx":-519,"cy":-9,"epoch":527,"chunkEntries":4355,"focusX":-1658483.36,"focusY":-25887.63},"timestamp":16872806899}
{"sessionId":"415652","hypothesisId":"H5","location":"Voxel.cpp:UpdateStreamingChunks","message":"stream_refresh","data":{"cx":-520,"cy":-9,"epoch":528,"chunkEntries":4354,"focusX":-1662910.67,"focusY":-26098.56},"timestamp":16872807119}
{"sessionId":"415652","hypothesisId":"H5","location":"Voxel.cpp:UpdateStreamingChunks","message":"stream_refresh","data":{"cx":-521,"cy":-9,"epoch":529,"chunkEntries":4353,"focusX":-1665019.23,"focusY":-26199.02},"timestamp":16872807224}
{"sessionId":"415652","hypothesisId":"H5","location":"Voxel.cpp:UpdateStreamingChunks","message":"stream_refresh","data":{"cx":-522,"cy":-9,"epoch":530,"chunkEntries":4352,"focusX":-1669026.73,"focusY":-26389.95},"timestamp":16872807426}
{"sessionId":"415652","hypothesisId":"H4","location":"Voxel.cpp:ProcessCompletedVoxelBuilds","message":"voxel_undesired","data":{"cx":-488,"cy":-41},"timestamp":16872807429}
{"sessionId":"415652","hypothesisId":"H5","location":"Voxel.cpp:UpdateStreamingChunks","message":"stream_refresh","data":{"cx":-523,"cy":-9,"epoch":531,"chunkEntries":4351,"focusX":-1671062.20,"focusY":-26482.23},"timestamp":16872807527}
{"sessionId":"415652","hypothesisId":"H5","location":"Voxel.cpp:UpdateStreamingChunks","message":"stream_refresh","data":{"cx":-524,"cy":-9,"epoch":532,"chunkEntries":4350,"focusX":-1675104.22,"focusY":-26179.22},"timestamp":16872807731}
{"sessionId":"415652","hypothesisId":"H5","location":"Voxel.cpp:UpdateStreamingChunks","message":"stream_refresh","data":{"cx":-525,"cy":-9,"epoch":533,"chunkEntries":4349,"focusX":-1677062.83,"focusY":-25782.38},"timestamp":16872807834}
{"sessionId":"415652","hypothesisId":"H3","location":"Voxel.cpp:Tick","message":"snapshot","data":{"runId":"post-fix","lastCx":-525,"lastCy":-9,"epoch":533,"st":{"q":85,"gen":6,"pend":3701,"mesh":6,"ready":550},"qVox":2471,"qMesh":36223,"actVox":6,"actMesh":6,"defMeshDefer":0,"hasFocus":1,"meshBpThr":0},"timestamp":16872807839}
{"sessionId":"415652","hypothesisId":"H5","location":"Voxel.cpp:UpdateStreamingChunks","message":"stream_refresh","data":{"cx":-525,"cy":-8,"epoch":534,"chunkEntries":4348,"focusX":-1678600.19,"focusY":-25466.63},"timestamp":16872807940}
{"sessionId":"415652","hypothesisId":"H5","location":"Voxel.cpp:UpdateStreamingChunks","message":"stream_refresh","data":{"cx":-526,"cy":-8,"epoch":535,"chunkEntries":4356,"focusX":-1680021.78,"focusY":-25174.66},"timestamp":16872808151}
{"sessionId":"415652","hypothesisId":"H3","location":"Voxel.cpp:Tick","message":"snapshot","data":{"runId":"post-fix","lastCx":-526,"lastCy":-8,"epoch":535,"st":{"q":0,"gen":0,"pend":3731,"mesh":12,"ready":612},"qVox":2386,"qMesh":36319,"actVox":0,"actMesh":12,"defMeshDefer":0,"hasFocus":1,"meshBpThr":0},"timestamp":16872808843}
{"sessionId":"415652","hypothesisId":"H3","location":"Voxel.cpp:Tick","message":"snapshot","data":{"runId":"post-fix","lastCx":-526,"lastCy":-8,"epoch":535,"st":{"q":0,"gen":0,"pend":3637,"mesh":12,"ready":706},"qVox":2386,"qMesh":36225,"actVox":0,"actMesh":12,"defMeshDefer":0,"hasFocus":1,"meshBpThr":0},"timestamp":16872809844}
{"sessionId":"415652","hypothesisId":"H5","location":"Voxel.cpp:UpdateStreamingChunks","message":"stream_refresh","data":{"cx":-527,"cy":-8,"epoch":536,"chunkEntries":4355,"focusX":-1684901.11,"focusY":-23470.71},"timestamp":16872809853}
{"sessionId":"415652","hypothesisId":"H5","location":"Voxel.cpp:UpdateStreamingChunks","message":"stream_refresh","data":{"cx":-528,"cy":-8,"epoch":537,"chunkEntries":4354,"focusX":-1686871.47,"focusY":-22751.58},"timestamp":16872809957}
{"sessionId":"415652","hypothesisId":"H5","location":"Voxel.cpp:UpdateStreamingChunks","message":"stream_refresh","data":{"cx":-528,"cy":-7,"epoch":538,"chunkEntries":4353,"focusX":-1688801.08,"focusY":-22011.65},"timestamp":16872810060}
{"sessionId":"415652","hypothesisId":"H5","location":"Voxel.cpp:UpdateStreamingChunks","message":"stream_refresh","data":{"cx":-529,"cy":-7,"epoch":539,"chunkEntries":4355,"focusX":-1690703.29,"focusY":-21274.10},"timestamp":16872810162}
{"sessionId":"415652","hypothesisId":"H5","location":"Voxel.cpp:UpdateStreamingChunks","message":"stream_refresh","data":{"cx":-530,"cy":-7,"epoch":540,"chunkEntries":4355,"focusX":-1694774.91,"focusY":-20155.25},"timestamp":16872810378}
{"sessionId":"415652","hypothesisId":"H5","location":"Voxel.cpp:UpdateStreamingChunks","message":"stream_refresh","data":{"cx":-531,"cy":-7,"epoch":541,"chunkEntries":4354,"focusX":-1696940.71,"focusY":-19801.17},"timestamp":16872810486}
{"sessionId":"415652","hypothesisId":"H5","location":"Voxel.cpp:UpdateStreamingChunks","message":"stream_refresh","data":{"cx":-532,"cy":-7,"epoch":542,"chunkEntries":4353,"focusX":-1700184.97,"focusY":-19429.26},"timestamp":16872810688}
{"sessionId":"415652","hypothesisId":"H3","location":"Voxel.cpp:Tick","message":"snapshot","data":{"runId":"post-fix","lastCx":-532,"lastCy":-7,"epoch":542,"st":{"q":0,"gen":0,"pend":3634,"mesh":12,"ready":706},"qVox":2386,"qMesh":36680,"actVox":0,"actMesh":12,"defMeshDefer":0,"hasFocus":1,"meshBpThr":0},"timestamp":16872810850}
{"sessionId":"415652","hypothesisId":"H5","location":"Voxel.cpp:UpdateStreamingChunks","message":"stream_refresh","data":{"cx":-533,"cy":-7,"epoch":543,"chunkEntries":4352,"focusX":-1703141.30,"focusY":-19281.04},"timestamp":16872810895}
{"sessionId":"415652","hypothesisId":"H5","location":"Voxel.cpp:UpdateStreamingChunks","message":"stream_refresh","data":{"cx":-534,"cy":-7,"epoch":544,"chunkEntries":4351,"focusX":-1706533.70,"focusY":-19220.60},"timestamp":16872811114}
{"sessionId":"415652","hypothesisId":"H5","location":"Voxel.cpp:UpdateStreamingChunks","message":"stream_refresh","data":{"cx":-535,"cy":-7,"epoch":545,"chunkEntries":4350,"focusX":-1710662.79,"focusY":-19230.47},"timestamp":16872811322}
{"sessionId":"415652","hypothesisId":"H5","location":"Voxel.cpp:UpdateStreamingChunks","message":"stream_refresh","data":{"cx":-536,"cy":-7,"epoch":546,"chunkEntries":4349,"focusX":-1712866.52,"focusY":-19220.42},"timestamp":16872811432}
{"sessionId":"415652","hypothesisId":"H5","location":"Voxel.cpp:UpdateStreamingChunks","message":"stream_refresh","data":{"cx":-537,"cy":-6,"epoch":547,"chunkEntries":4348,"focusX":-1717034.69,"focusY":-19193.87},"timestamp":16872811639}
{"sessionId":"415652","hypothesisId":"H5","location":"Voxel.cpp:UpdateStreamingChunks","message":"stream_refresh","data":{"cx":-538,"cy":-6,"epoch":548,"chunkEntries":4354,"focusX":-1719160.18,"focusY":-19179.49},"timestamp":16872811746}
{"sessionId":"415652","hypothesisId":"H3","location":"Voxel.cpp:Tick","message":"snapshot","data":{"runId":"post-fix","lastCx":-538,"lastCy":-6,"epoch":548,"st":{"q":83,"gen":6,"pend":3552,"mesh":6,"ready":707},"qVox":2469,"qMesh":37050,"actVox":6,"actMesh":6,"defMeshDefer":0,"hasFocus":1,"meshBpThr":0},"timestamp":16872811862}
{"sessionId":"415652","hypothesisId":"H5","location":"Voxel.cpp:UpdateStreamingChunks","message":"stream_refresh","data":{"cx":-539,"cy":-6,"epoch":549,"chunkEntries":4354,"focusX":-1723085.84,"focusY":-19152.73},"timestamp":16872811955}
{"sessionId":"415652","hypothesisId":"H5","location":"Voxel.cpp:UpdateStreamingChunks","message":"stream_refresh","data":{"cx":-540,"cy":-6,"epoch":550,"chunkEntries":4353,"focusX":-1726397.07,"focusY":-19130.10},"timestamp":16872812166}
{"sessionId":"415652","hypothesisId":"H5","location":"Voxel.cpp:UpdateStreamingChunks","message":"stream_refresh","data":{"cx":-541,"cy":-6,"epoch":551,"chunkEntries":4352,"focusX":-1728501.52,"focusY":-19115.72},"timestamp":16872812271}
{"sessionId":"415652","hypothesisId":"H5","location":"Voxel.cpp:UpdateStreamingChunks","message":"stream_refresh","data":{"cx":-542,"cy":-6,"epoch":552,"chunkEntries":4351,"focusX":-1732621.68,"focusY":-19087.56},"timestamp":16872812478}
{"sessionId":"415652","hypothesisId":"H5","location":"Voxel.cpp:UpdateStreamingChunks","message":"stream_refresh","data":{"cx":-543,"cy":-6,"epoch":553,"chunkEntries":4350,"focusX":-1734660.30,"focusY":-19073.62},"timestamp":16872812579}
{"sessionId":"415652","hypothesisId":"H5","location":"Voxel.cpp:UpdateStreamingChunks","message":"stream_refresh","data":{"cx":-544,"cy":-6,"epoch":554,"chunkEntries":4349,"focusX":-1738150.90,"focusY":-19049.76},"timestamp":16872812790}
{"sessionId":"415652","hypothesisId":"H3","location":"Voxel.cpp:Tick","message":"snapshot","data":{"runId":"post-fix","lastCx":-544,"lastCy":-6,"epoch":554,"st":{"q":32,"gen":6,"pend":3590,"mesh":6,"ready":714},"qVox":2419,"qMesh":37483,"actVox":6,"actMesh":6,"defMeshDefer":0,"hasFocus":1,"meshBpThr":0},"timestamp":16872812866}
{"sessionId":"415652","hypothesisId":"H5","location":"Voxel.cpp:UpdateStreamingChunks","message":"stream_refresh","data":{"cx":-545,"cy":-6,"epoch":555,"chunkEntries":4348,"focusX":-1742123.20,"focusY":-19022.61},"timestamp":16872812998}
{"sessionId":"415652","hypothesisId":"H5","location":"Voxel.cpp:UpdateStreamingChunks","message":"stream_refresh","data":{"cx":-546,"cy":-6,"epoch":556,"chunkEntries":4347,"focusX":-1744228.73,"focusY":-19008.22},"timestamp":16872813105}
{"sessionId":"415652","hypothesisId":"H5","location":"Voxel.cpp:UpdateStreamingChunks","message":"stream_refresh","data":{"cx":-547,"cy":-6,"epoch":557,"chunkEntries":4346,"focusX":-1748373.28,"focusY":-18979.89},"timestamp":16872813311}
{"sessionId":"415652","hypothesisId":"H5","location":"Voxel.cpp:UpdateStreamingChunks","message":"stream_refresh","data":{"cx":-548,"cy":-6,"epoch":558,"chunkEntries":4345,"focusX":-1751174.44,"focusY":-18960.75},"timestamp":16872813521}
{"sessionId":"415652","hypothesisId":"H3","location":"Voxel.cpp:Tick","message":"snapshot","data":{"runId":"post-fix","lastCx":-548,"lastCy":-6,"epoch":558,"st":{"q":0,"gen":0,"pend":3592,"mesh":12,"ready":740},"qVox":2387,"qMesh":37749,"actVox":0,"actMesh":12,"defMeshDefer":0,"hasFocus":1,"meshBpThr":0},"timestamp":16872813873}
{"sessionId":"415652","hypothesisId":"H5","location":"Voxel.cpp:UpdateStreamingChunks","message":"stream_refresh","data":{"cx":-547,"cy":-6,"epoch":559,"chunkEntries":4344,"focusX":-1749214.45,"focusY":-17739.26},"timestamp":16872814044}
{"sessionId":"415652","hypothesisId":"H5","location":"Voxel.cpp:UpdateStreamingChunks","message":"stream_refresh","data":{"cx":-546,"cy":-6,"epoch":560,"chunkEntries":4344,"focusX":-1745356.41,"focusY":-18270.65},"timestamp":16872814253}
{"sessionId":"415652","hypothesisId":"H5","location":"Voxel.cpp:UpdateStreamingChunks","message":"stream_refresh","data":{"cx":-545,"cy":-6,"epoch":561,"chunkEntries":4344,"focusX":-1743557.85,"focusY":-19148.42},"timestamp":16872814354}
{"sessionId":"415652","hypothesisId":"H5","location":"Voxel.cpp:UpdateStreamingChunks","message":"stream_refresh","data":{"cx":-545,"cy":-7,"epoch":562,"chunkEntries":4344,"focusX":-1741631.26,"focusY":-19996.41},"timestamp":16872814458}
{"sessionId":"415652","hypothesisId":"H5","location":"Voxel.cpp:UpdateStreamingChunks","message":"stream_refresh","data":{"cx":-544,"cy":-7,"epoch":563,"chunkEntries":4355,"focusX":-1739690.45,"focusY":-20796.60},"timestamp":16872814568}
{"sessionId":"415652","hypothesisId":"H5","location":"Voxel.cpp:UpdateStreamingChunks","message":"stream_refresh","data":{"cx":-543,"cy":-7,"epoch":564,"chunkEntries":4355,"focusX":-1735577.91,"focusY":-22182.28},"timestamp":16872814779}
{"sessionId":"415652","hypothesisId":"H5","location":"Voxel.cpp:UpdateStreamingChunks","message":"stream_refresh","data":{"cx":-542,"cy":-8,"epoch":565,"chunkEntries":4354,"focusX":-1733605.19,"focusY":-22528.54},"timestamp":16872814881}
{"sessionId":"415652","hypothesisId":"H3","location":"Voxel.cpp:Tick","message":"snapshot","data":{"runId":"post-fix","lastCx":-542,"lastCy":-8,"epoch":565,"st":{"q":149,"gen":6,"pend":3365,"mesh":6,"ready":828},"qVox":2536,"qMesh":37912,"actVox":6,"actMesh":6,"defMeshDefer":0,"hasFocus":1,"meshBpThr":0},"timestamp":16872814886}
{"sessionId":"415652","hypothesisId":"H5","location":"Voxel.cpp:UpdateStreamingChunks","message":"stream_refresh","data":{"cx":-541,"cy":-8,"epoch":566,"chunkEntries":4354,"focusX":-1729523.97,"focusY":-23039.42},"timestamp":16872815087}
{"sessionId":"415652","hypothesisId":"H5","location":"Voxel.cpp:UpdateStreamingChunks","message":"stream_refresh","data":{"cx":-540,"cy":-8,"epoch":567,"chunkEntries":4354,"focusX":-1727411.85,"focusY":-23280.73},"timestamp":16872815195}
{"sessionId":"415652","hypothesisId":"H5","location":"Voxel.cpp:UpdateStreamingChunks","message":"stream_refresh","data":{"cx":-539,"cy":-8,"epoch":568,"chunkEntries":4353,"focusX":-1723628.41,"focusY":-24758.90},"timestamp":16872815398}
{"sessionId":"415652","hypothesisId":"H5","location":"Voxel.cpp:UpdateStreamingChunks","message":"stream_refresh","data":{"cx":-539,"cy":-9,"epoch":569,"chunkEntries":4352,"focusX":-1722005.32,"focusY":-26024.56},"timestamp":16872815501}
{"sessionId":"415652","hypothesisId":"H5","location":"Voxel.cpp:UpdateStreamingChunks","message":"stream_refresh","data":{"cx":-538,"cy":-9,"epoch":570,"chunkEntries":4355,"focusX":-1720453.90,"focusY":-27322.00},"timestamp":16872815605}
{"sessionId":"415652","hypothesisId":"H5","location":"Voxel.cpp:UpdateStreamingChunks","message":"stream_refresh","data":{"cx":-537,"cy":-10,"epoch":571,"chunkEntries":4355,"focusX":-1716401.17,"focusY":-28986.88},"timestamp":16872815824}
{"sessionId":"415652","hypothesisId":"H3","location":"Voxel.cpp:Tick","message":"snapshot","data":{"runId":"post-fix","lastCx":-537,"lastCy":-10,"epoch":571,"st":{"q":106,"gen":6,"pend":3326,"mesh":6,"ready":910},"qVox":2498,"qMesh":38322,"actVox":6,"actMesh":6,"defMeshDefer":0,"hasFocus":1,"meshBpThr":0},"timestamp":16872815890}
{"sessionId":"415652","hypothesisId":"H5","location":"Voxel.cpp:UpdateStreamingChunks","message":"stream_refresh","data":{"cx":-536,"cy":-10,"epoch":572,"chunkEntries":4354,"focusX":-1714424.00,"focusY":-29253.26},"timestamp":16872815925}
{"sessionId":"415652","hypothesisId":"H5","location":"Voxel.cpp:UpdateStreamingChunks","message":"stream_refresh","data":{"cx":-535,"cy":-10,"epoch":573,"chunkEntries":4354,"focusX":-1710177.23,"focusY":-29644.91},"timestamp":16872816137}
{"sessionId":"415652","hypothesisId":"H5","location":"Voxel.cpp:UpdateStreamingChunks","message":"stream_refresh","data":{"cx":-534,"cy":-10,"epoch":574,"chunkEntries":4353,"focusX":-1707983.52,"focusY":-29825.88},"timestamp":16872816247}
{"sessionId":"415652","hypothesisId":"H5","location":"Voxel.cpp:UpdateStreamingChunks","message":"stream_refresh","data":{"cx":-533,"cy":-10,"epoch":575,"chunkEntries":4352,"focusX":-1703768.37,"focusY":-30202.99},"timestamp":16872816459}
{"sessionId":"415652","hypothesisId":"H5","location":"Voxel.cpp:UpdateStreamingChunks","message":"stream_refresh","data":{"cx":-532,"cy":-10,"epoch":576,"chunkEntries":4351,"focusX":-1701660.72,"focusY":-30437.13},"timestamp":16872816566}
{"sessionId":"415652","hypothesisId":"H5","location":"Voxel.cpp:UpdateStreamingChunks","message":"stream_refresh","data":{"cx":-531,"cy":-10,"epoch":577,"chunkEntries":4350,"focusX":-1697472.23,"focusY":-30924.76},"timestamp":16872816778}
{"sessionId":"415652","hypothesisId":"H5","location":"Voxel.cpp:UpdateStreamingChunks","message":"stream_refresh","data":{"cx":-530,"cy":-10,"epoch":578,"chunkEntries":4349,"focusX":-1695301.34,"focusY":-31179.42},"timestamp":16872816885}
{"sessionId":"415652","hypothesisId":"H3","location":"Voxel.cpp:Tick","message":"snapshot","data":{"runId":"post-fix","lastCx":-530,"lastCy":-10,"epoch":578,"st":{"q":73,"gen":6,"pend":3256,"mesh":6,"ready":1007},"qVox":2475,"qMesh":38703,"actVox":6,"actMesh":6,"defMeshDefer":0,"hasFocus":1,"meshBpThr":0},"timestamp":16872816902}
{"sessionId":"415652","hypothesisId":"H5","location":"Voxel.cpp:UpdateStreamingChunks","message":"stream_refresh","data":{"cx":-529,"cy":-10,"epoch":579,"chunkEntries":4348,"focusX":-1691286.06,"focusY":-31489.31},"timestamp":16872817089}
{"sessionId":"415652","hypothesisId":"H5","location":"Voxel.cpp:UpdateStreamingChunks","message":"stream_refresh","data":{"cx":-528,"cy":-10,"epoch":580,"chunkEntries":4347,"focusX":-1689183.45,"focusY":-31416.68},"timestamp":16872817193}
{"sessionId":"415652","hypothesisId":"H5","location":"Voxel.cpp:UpdateStreamingChunks","message":"stream_refresh","data":{"cx":-527,"cy":-11,"epoch":581,"chunkEntries":4346,"focusX":-1685036.41,"focusY":-32238.11},"timestamp":16872817410}
{"sessionId":"415652","hypothesisId":"H5","location":"Voxel.cpp:UpdateStreamingChunks","message":"stream_refresh","data":{"cx":-526,"cy":-11,"epoch":582,"chunkEntries":4354,"focusX":-1683118.81,"focusY":-33251.01},"timestamp":16872817517}
{"sessionId":"415652","hypothesisId":"H5","location":"Voxel.cpp:UpdateStreamingChunks","message":"stream_refresh","data":{"cx":-525,"cy":-12,"epoch":583,"chunkEntries":4354,"focusX":-1679324.27,"focusY":-35251.38},"timestamp":16872817731}
{"sessionId":"415652","hypothesisId":"H3","location":"Voxel.cpp:Tick","message":"snapshot","data":{"runId":"post-fix","lastCx":-525,"lastCy":-12,"epoch":583,"st":{"q":85,"gen":6,"pend":3167,"mesh":6,"ready":1090},"qVox":2488,"qMesh":39060,"actVox":6,"actMesh":6,"defMeshDefer":0,"hasFocus":1,"meshBpThr":0},"timestamp":16872817906}
{"sessionId":"415652","hypothesisId":"H5","location":"Voxel.cpp:UpdateStreamingChunks","message":"stream_refresh","data":{"cx":-524,"cy":-12,"epoch":584,"chunkEntries":4354,"focusX":-1675693.27,"focusY":-37161.94},"timestamp":16872817936}
{"sessionId":"415652","hypothesisId":"H5","location":"Voxel.cpp:UpdateStreamingChunks","message":"stream_refresh","data":{"cx":-523,"cy":-13,"epoch":585,"chunkEntries":4354,"focusX":-1671759.36,"focusY":-39150.84},"timestamp":16872818159}
{"sessionId":"415652","hypothesisId":"H5","location":"Voxel.cpp:UpdateStreamingChunks","message":"stream_refresh","data":{"cx":-522,"cy":-13,"epoch":586,"chunkEntries":4354,"focusX":-1669662.29,"focusY":-39867.07},"timestamp":16872818269}
{"sessionId":"415652","hypothesisId":"H5","location":"Voxel.cpp:UpdateStreamingChunks","message":"stream_refresh","data":{"cx":-521,"cy":-13,"epoch":587,"chunkEntries":4354,"focusX":-1665331.62,"focusY":-40770.33},"timestamp":16872818490}
{"sessionId":"415652","hypothesisId":"H5","location":"Voxel.cpp:UpdateStreamingChunks","message":"stream_refresh","data":{"cx":-520,"cy":-13,"epoch":588,"chunkEntries":4353,"focusX":-1663230.61,"focusY":-41012.31},"timestamp":16872818596}
{"sessionId":"415652","hypothesisId":"H5","location":"Voxel.cpp:UpdateStreamingChunks","message":"stream_refresh","data":{"cx":-519,"cy":-14,"epoch":589,"chunkEntries":4352,"focusX":-1659606.23,"focusY":-42539.16},"timestamp":16872818799}
{"sessionId":"415652","hypothesisId":"H3","location":"Voxel.cpp:Tick","message":"snapshot","data":{"runId":"post-fix","lastCx":-519,"lastCy":-14,"epoch":589,"st":{"q":115,"gen":6,"pend":3123,"mesh":6,"ready":1104},"qVox":2532,"qMesh":39513,"actVox":6,"actMesh":6,"defMeshDefer":0,"hasFocus":1,"meshBpThr":0},"timestamp":16872818916}
{"sessionId":"415652","hypothesisId":"H5","location":"Voxel.cpp:UpdateStreamingChunks","message":"stream_refresh","data":{"cx":-518,"cy":-15,"epoch":590,"chunkEntries":4354,"focusX":-1656630.58,"focusY":-45323.14},"timestamp":16872819001}
{"sessionId":"415652","hypothesisId":"H5","location":"Voxel.cpp:UpdateStreamingChunks","message":"stream_refresh","data":{"cx":-517,"cy":-15,"epoch":591,"chunkEntries":4354,"focusX":-1652389.00,"focusY":-46240.58},"timestamp":16872819236}
{"sessionId":"415652","hypothesisId":"H5","location":"Voxel.cpp:UpdateStreamingChunks","message":"stream_refresh","data":{"cx":-516,"cy":-15,"epoch":592,"chunkEntries":4354,"focusX":-1650150.52,"focusY":-45422.58},"timestamp":16872819345}
{"sessionId":"415652","hypothesisId":"H5","location":"Voxel.cpp:UpdateStreamingChunks","message":"stream_refresh","data":{"cx":-515,"cy":-15,"epoch":593,"chunkEntries":4353,"focusX":-1645987.29,"focusY":-45204.92},"timestamp":16872819555}
{"sessionId":"415652","hypothesisId":"H5","location":"Voxel.cpp:UpdateStreamingChunks","message":"stream_refresh","data":{"cx":-514,"cy":-15,"epoch":594,"chunkEntries":4352,"focusX":-1643981.56,"focusY":-45296.62},"timestamp":16872819658}
{"sessionId":"415652","hypothesisId":"H5","location":"Voxel.cpp:UpdateStreamingChunks","message":"stream_refresh","data":{"cx":-513,"cy":-15,"epoch":595,"chunkEntries":4351,"focusX":-1639790.81,"focusY":-45545.08},"timestamp":16872819867}
{"sessionId":"415652","hypothesisId":"H3","location":"Voxel.cpp:Tick","message":"snapshot","data":{"runId":"post-fix","lastCx":-513,"lastCy":-15,"epoch":595,"st":{"q":102,"gen":6,"pend":3165,"mesh":6,"ready":1071},"qVox":2536,"qMesh":39996,"actVox":6,"actMesh":6,"defMeshDefer":0,"hasFocus":1,"meshBpThr":0},"timestamp":16872819925}
{"sessionId":"415652","hypothesisId":"H5","location":"Voxel.cpp:UpdateStreamingChunks","message":"stream_refresh","data":{"cx":-512,"cy":-15,"epoch":596,"chunkEntries":4350,"focusX":-1637603.62,"focusY":-45703.47},"timestamp":16872819981}
{"sessionId":"415652","hypothesisId":"H5","location":"Voxel.cpp:UpdateStreamingChunks","message":"stream_refresh","data":{"cx":-511,"cy":-15,"epoch":597,"chunkEntries":4349,"focusX":-1633413.72,"focusY":-46120.51},"timestamp":16872820188}
{"sessionId":"415652","hypothesisId":"H5","location":"Voxel.cpp:UpdateStreamingChunks","message":"stream_refresh","data":{"cx":-510,"cy":-15,"epoch":598,"chunkEntries":4348,"focusX":-1631522.26,"focusY":-46852.89},"timestamp":16872820289}
{"sessionId":"415652","hypothesisId":"H5","location":"Voxel.cpp:UpdateStreamingChunks","message":"stream_refresh","data":{"cx":-509,"cy":-16,"epoch":599,"chunkEntries":4347,"focusX":-1627521.69,"focusY":-48072.62},"timestamp":16872820498}
{"sessionId":"415652","hypothesisId":"H5","location":"Voxel.cpp:UpdateStreamingChunks","message":"stream_refresh","data":{"cx":-508,"cy":-16,"epoch":600,"chunkEntries":4354,"focusX":-1625510.89,"focusY":-48725.63},"timestamp":16872820604}
{"sessionId":"415652","hypothesisId":"H5","location":"Voxel.cpp:UpdateStreamingChunks","message":"stream_refresh","data":{"cx":-507,"cy":-16,"epoch":601,"chunkEntries":4354,"focusX":-1621211.98,"focusY":-49695.33},"timestamp":16872820825}
{"sessionId":"415652","hypothesisId":"H3","location":"Voxel.cpp:Tick","message":"snapshot","data":{"runId":"post-fix","lastCx":-507,"lastCy":-16,"epoch":601,"st":{"q":55,"gen":6,"pend":3283,"mesh":6,"ready":1003},"qVox":2504,"qMesh":40550,"actVox":6,"actMesh":6,"defMeshDefer":0,"hasFocus":1,"meshBpThr":0},"timestamp":16872820930}
{"sessionId":"415652","hypothesisId":"H5","location":"Voxel.cpp:UpdateStreamingChunks","message":"stream_refresh","data":{"cx":-506,"cy":-16,"epoch":602,"chunkEntries":4353,"focusX":-1617184.55,"focusY":-50591.01},"timestamp":16872821033}
{"sessionId":"415652","hypothesisId":"H5","location":"Voxel.cpp:UpdateStreamingChunks","message":"stream_refresh","data":{"cx":-505,"cy":-16,"epoch":603,"chunkEntries":4352,"focusX":-1615030.52,"focusY":-51034.27},"timestamp":16872821142}
{"sessionId":"415652","hypothesisId":"H5","location":"Voxel.cpp:UpdateStreamingChunks","message":"stream_refresh","data":{"cx":-504,"cy":-16,"epoch":604,"chunkEntries":4351,"focusX":-1610937.96,"focusY":-49766.20},"timestamp":16872821358}
{"sessionId":"415652","hypothesisId":"H5","location":"Voxel.cpp:UpdateStreamingChunks","message":"stream_refresh","data":{"cx":-503,"cy":-16,"epoch":605,"chunkEntries":4350,"focusX":-1608929.81,"focusY":-49839.76},"timestamp":16872821459}
{"sessionId":"415652","hypothesisId":"H5","location":"Voxel.cpp:UpdateStreamingChunks","message":"stream_refresh","data":{"cx":-502,"cy":-16,"epoch":606,"chunkEntries":4349,"focusX":-1604770.78,"focusY":-51073.97},"timestamp":16872821676}
{"sessionId":"415652","hypothesisId":"H5","location":"Voxel.cpp:UpdateStreamingChunks","message":"stream_refresh","data":{"cx":-501,"cy":-17,"epoch":607,"chunkEntries":4348,"focusX":-1602810.43,"focusY":-51543.90},"timestamp":16872821777}
{"sessionId":"415652","hypothesisId":"H3","location":"Voxel.cpp:Tick","message":"snapshot","data":{"runId":"post-fix","lastCx":-501,"lastCy":-17,"epoch":607,"st":{"q":71,"gen":6,"pend":3345,"mesh":6,"ready":926},"qVox":2524,"qMesh":41061,"actVox":6,"actMesh":6,"defMeshDefer":0,"hasFocus":1,"meshBpThr":0},"timestamp":16872821933}
{"sessionId":"415652","hypothesisId":"H5","location":"Voxel.cpp:UpdateStreamingChunks","message":"stream_refresh","data":{"cx":-500,"cy":-17,"epoch":608,"chunkEntries":4354,"focusX":-1598492.00,"focusY":-52181.04},"timestamp":16872821994}
{"sessionId":"415652","hypothesisId":"H5","location":"Voxel.cpp:UpdateStreamingChunks","message":"stream_refresh","data":{"cx":-499,"cy":-17,"epoch":609,"chunkEntries":4354,"focusX":-1596461.19,"focusY":-52436.18},"timestamp":16872822097}
{"sessionId":"415652","hypothesisId":"H5","location":"Voxel.cpp:UpdateStreamingChunks","message":"stream_refresh","data":{"cx":-498,"cy":-17,"epoch":610,"chunkEntries":4353,"focusX":-1592430.54,"focusY":-52590.01},"timestamp":16872822318}
{"sessionId":"415652","hypothesisId":"H5","location":"Voxel.cpp:UpdateStreamingChunks","message":"stream_refresh","data":{"cx":-497,"cy":-17,"epoch":611,"chunkEntries":4352,"focusX":-1589024.08,"focusY":-52858.59},"timestamp":16872822532}
{"sessionId":"415652","hypothesisId":"H5","location":"Voxel.cpp:UpdateStreamingChunks","message":"stream_refresh","data":{"cx":-496,"cy":-17,"epoch":612,"chunkEntries":4351,"focusX":-1586920.55,"focusY":-53126.30},"timestamp":16872822638}
{"sessionId":"415652","hypothesisId":"H5","location":"Voxel.cpp:UpdateStreamingChunks","message":"stream_refresh","data":{"cx":-495,"cy":-17,"epoch":613,"chunkEntries":4350,"focusX":-1583131.74,"focusY":-53246.76},"timestamp":16872822851}
{"sessionId":"415652","hypothesisId":"H3","location":"Voxel.cpp:Tick","message":"snapshot","data":{"runId":"post-fix","lastCx":-495,"lastCy":-17,"epoch":613,"st":{"q":18,"gen":6,"pend":3488,"mesh":6,"ready":831},"qVox":2473,"qMesh":41597,"actVox":6,"actMesh":6,"defMeshDefer":0,"hasFocus":1,"meshBpThr":0},"timestamp":16872822939}
{"sessionId":"415652","hypothesisId":"H3","location":"Voxel.cpp:Tick","message":"snapshot","data":{"runId":"post-fix","lastCx":-495,"lastCy":-17,"epoch":613,"st":{"q":0,"gen":0,"pend":3418,"mesh":12,"ready":919},"qVox":2455,"qMesh":41527,"actVox":0,"actMesh":12,"defMeshDefer":0,"hasFocus":1,"meshBpThr":0},"timestamp":16872823943}
{"sessionId":"415652","hypothesisId":"H3","location":"Voxel.cpp:Tick","message":"snapshot","data":{"runId":"post-fix","lastCx":-495,"lastCy":-17,"epoch":613,"st":{"q":0,"gen":0,"pend":3329,"mesh":12,"ready":1008},"qVox":2455,"qMesh":41438,"actVox":0,"actMesh":12,"defMeshDefer":0,"hasFocus":1,"meshBpThr":0},"timestamp":16872824945}
{"sessionId":"415652","hypothesisId":"H5","location":"Voxel.cpp:UpdateStreamingChunks","message":"stream_refresh","data":{"cx":-494,"cy":-17,"epoch":614,"chunkEntries":4349,"focusX":-1579974.16,"focusY":-53063.81},"timestamp":16872825468}
{"sessionId":"415652","hypothesisId":"H5","location":"Voxel.cpp:UpdateStreamingChunks","message":"stream_refresh","data":{"cx":-493,"cy":-17,"epoch":615,"chunkEntries":4348,"focusX":-1576305.34,"focusY":-52553.56},"timestamp":16872825682}
{"sessionId":"415652","hypothesisId":"H5","location":"Voxel.cpp:UpdateStreamingChunks","message":"stream_refresh","data":{"cx":-492,"cy":-17,"epoch":616,"chunkEntries":4347,"focusX":-1574100.63,"focusY":-52246.93},"timestamp":16872825796}
{"sessionId":"415652","hypothesisId":"H3","location":"Voxel.cpp:Tick","message":"snapshot","data":{"runId":"post-fix","lastCx":-492,"lastCy":-17,"epoch":616,"st":{"q":1,"gen":6,"pend":3323,"mesh":6,"ready":1010},"qVox":2456,"qMesh":41630,"actVox":6,"actMesh":6,"defMeshDefer":0,"hasFocus":1,"meshBpThr":0},"timestamp":16872825954}
{"sessionId":"415652","hypothesisId":"H5","location":"Voxel.cpp:UpdateStreamingChunks","message":"stream_refresh","data":{"cx":-491,"cy":-17,"epoch":617,"chunkEntries":4346,"focusX":-1569910.05,"focusY":-51664.11},"timestamp":16872826006}
{"sessionId":"415652","hypothesisId":"H5","location":"Voxel.cpp:UpdateStreamingChunks","message":"stream_refresh","data":{"cx":-490,"cy":-17,"epoch":618,"chunkEntries":4345,"focusX":-1567944.55,"focusY":-51380.57},"timestamp":16872826111}
{"sessionId":"415652","hypothesisId":"H5","location":"Voxel.cpp:UpdateStreamingChunks","message":"stream_refresh","data":{"cx":-489,"cy":-17,"epoch":619,"chunkEntries":4344,"focusX":-1563524.57,"focusY":-51459.59},"timestamp":16872826327}
{"sessionId":"415652","hypothesisId":"H5","location":"Voxel.cpp:UpdateStreamingChunks","message":"stream_refresh","data":{"cx":-488,"cy":-17,"epoch":620,"chunkEntries":4343,"focusX":-1561548.50,"focusY":-51848.87},"timestamp":16872826428}
{"sessionId":"415652","hypothesisId":"H5","location":"Voxel.cpp:UpdateStreamingChunks","message":"stream_refresh","data":{"cx":-487,"cy":-17,"epoch":621,"chunkEntries":4342,"focusX":-1557466.21,"focusY":-53102.02},"timestamp":16872826648}
{"sessionId":"415652","hypothesisId":"H5","location":"Voxel.cpp:UpdateStreamingChunks","message":"stream_refresh","data":{"cx":-486,"cy":-18,"epoch":622,"chunkEntries":4341,"focusX":-1553365.51,"focusY":-54446.22},"timestamp":16872826856}
{"sessionId":"415652","hypothesisId":"H3","location":"Voxel.cpp:Tick","message":"snapshot","data":{"runId":"post-fix","lastCx":-486,"lastCy":-18,"epoch":622,"st":{"q":90,"gen":6,"pend":3318,"mesh":6,"ready":934},"qVox":2545,"qMesh":42071,"actVox":6,"actMesh":6,"defMeshDefer":0,"hasFocus":1,"meshBpThr":0},"timestamp":16872826955}
{"sessionId":"415652","hypothesisId":"H5","location":"Voxel.cpp:UpdateStreamingChunks","message":"stream_refresh","data":{"cx":-485,"cy":-18,"epoch":623,"chunkEntries":4354,"focusX":-1551302.22,"focusY":-54989.66},"timestamp":16872826965}
{"sessionId":"415652","hypothesisId":"H5","location":"Voxel.cpp:UpdateStreamingChunks","message":"stream_refresh","data":{"cx":-484,"cy":-17,"epoch":624,"chunkEntries":4354,"focusX":-1547387.56,"focusY":-53695.64},"timestamp":16872827181}
{"sessionId":"415652","hypothesisId":"H5","location":"Voxel.cpp:UpdateStreamingChunks","message":"stream_refresh","data":{"cx":-483,"cy":-17,"epoch":625,"chunkEntries":4355,"focusX":-1545362.69,"focusY":-52408.72},"timestamp":16872827296}
{"sessionId":"415652","hypothesisId":"H5","location":"Voxel.cpp:UpdateStreamingChunks","message":"stream_refresh","data":{"cx":-482,"cy":-16,"epoch":626,"chunkEntries":4354,"focusX":-1541701.96,"focusY":-50721.51},"timestamp":16872827501}
{"sessionId":"415652","hypothesisId":"H5","location":"Voxel.cpp:UpdateStreamingChunks","message":"stream_refresh","data":{"cx":-481,"cy":-16,"epoch":627,"chunkEntries":4354,"focusX":-1537795.33,"focusY":-49558.97},"timestamp":16872827705}
{"sessionId":"415652","hypothesisId":"H5","location":"Voxel.cpp:UpdateStreamingChunks","message":"stream_refresh","data":{"cx":-480,"cy":-16,"epoch":628,"chunkEntries":4354,"focusX":-1533797.15,"focusY":-48335.98},"timestamp":16872827919}
{"sessionId":"415652","hypothesisId":"H3","location":"Voxel.cpp:Tick","message":"snapshot","data":{"runId":"post-fix","lastCx":-480,"lastCy":-16,"epoch":628,"st":{"q":98,"gen":6,"pend":3409,"mesh":6,"ready":834},"qVox":2575,"qMesh":42582,"actVox":6,"actMesh":6,"defMeshDefer":0,"hasFocus":1,"meshBpThr":0},"timestamp":16872827964}
{"sessionId":"415652","hypothesisId":"H5","location":"Voxel.cpp:UpdateStreamingChunks","message":"stream_refresh","data":{"cx":-479,"cy":-15,"epoch":629,"chunkEntries":4353,"focusX":-1531941.69,"focusY":-47323.59},"timestamp":16872828024}
{"sessionId":"415652","hypothesisId":"H5","location":"Voxel.cpp:UpdateStreamingChunks","message":"stream_refresh","data":{"cx":-478,"cy":-14,"epoch":630,"chunkEntries":4354,"focusX":-1528735.84,"focusY":-44479.49},"timestamp":16872828237}
{"sessionId":"415652","hypothesisId":"H5","location":"Voxel.cpp:UpdateStreamingChunks","message":"stream_refresh","data":{"cx":-477,"cy":-14,"epoch":631,"chunkEntries":4354,"focusX":-1524796.51,"focusY":-42905.41},"timestamp":16872828454}
{"sessionId":"415652","hypothesisId":"H5","location":"Voxel.cpp:UpdateStreamingChunks","message":"stream_refresh","data":{"cx":-476,"cy":-14,"epoch":632,"chunkEntries":4354,"focusX":-1522972.49,"focusY":-41705.13},"timestamp":16872828566}
{"sessionId":"415652","hypothesisId":"H5","location":"Voxel.cpp:UpdateStreamingChunks","message":"stream_refresh","data":{"cx":-476,"cy":-13,"epoch":633,"chunkEntries":4353,"focusX":-1521285.71,"focusY":-40273.87},"timestamp":16872828674}
{"sessionId":"415652","hypothesisId":"H5","location":"Voxel.cpp:UpdateStreamingChunks","message":"stream_refresh","data":{"cx":-475,"cy":-13,"epoch":634,"chunkEntries":4355,"focusX":-1519383.90,"focusY":-39563.12},"timestamp":16872828775}
{"sessionId":"415652","hypothesisId":"H3","location":"Voxel.cpp:Tick","message":"snapshot","data":{"runId":"post-fix","lastCx":-475,"lastCy":-13,"epoch":634,"st":{"q":129,"gen":6,"pend":3446,"mesh":6,"ready":768},"qVox":2625,"qMesh":43116,"actVox":6,"actMesh":6,"defMeshDefer":0,"hasFocus":1,"meshBpThr":0},"timestamp":16872828965}
{"sessionId":"415652","hypothesisId":"H5","location":"Voxel.cpp:UpdateStreamingChunks","message":"stream_refresh","data":{"cx":-474,"cy":-13,"epoch":635,"chunkEntries":4355,"focusX":-1515196.66,"focusY":-39329.01},"timestamp":16872828985}
{"sessionId":"415652","hypothesisId":"H5","location":"Voxel.cpp:UpdateStreamingChunks","message":"stream_refresh","data":{"cx":-473,"cy":-13,"epoch":636,"chunkEntries":4354,"focusX":-1513123.62,"focusY":-39369.60},"timestamp":16872829089}
{"sessionId":"415652","hypothesisId":"H5","location":"Voxel.cpp:UpdateStreamingChunks","message":"stream_refresh","data":{"cx":-472,"cy":-13,"epoch":637,"chunkEntries":4353,"focusX":-1509092.69,"focusY":-39516.91},"timestamp":16872829292}
{"sessionId":"415652","hypothesisId":"H5","location":"Voxel.cpp:UpdateStreamingChunks","message":"stream_refresh","data":{"cx":-471,"cy":-13,"epoch":638,"chunkEntries":4352,"focusX":-1506930.60,"focusY":-39627.28},"timestamp":16872829400}
{"sessionId":"415652","hypothesisId":"H5","location":"Voxel.cpp:UpdateStreamingChunks","message":"stream_refresh","data":{"cx":-470,"cy":-13,"epoch":639,"chunkEntries":4351,"focusX":-1502735.03,"focusY":-39934.81},"timestamp":16872829609}
{"sessionId":"415652","hypothesisId":"H5","location":"Voxel.cpp:UpdateStreamingChunks","message":"stream_refresh","data":{"cx":-469,"cy":-13,"epoch":640,"chunkEntries":4350,"focusX":-1500570.22,"focusY":-40107.19},"timestamp":16872829717}
{"sessionId":"415652","hypothesisId":"H5","location":"Voxel.cpp:UpdateStreamingChunks","message":"stream_refresh","data":{"cx":-468,"cy":-13,"epoch":641,"chunkEntries":4349,"focusX":-1496261.52,"focusY":-40454.18},"timestamp":16872829935}
{"sessionId":"415652","hypothesisId":"H3","location":"Voxel.cpp:Tick","message":"snapshot","data":{"runId":"post-fix","lastCx":-468,"lastCy":-13,"epoch":641,"st":{"q":104,"gen":6,"pend":3564,"mesh":6,"ready":668},"qVox":2600,"qMesh":43696,"actVox":6,"actMesh":6,"defMeshDefer":0,"hasFocus":1,"meshBpThr":0},"timestamp":16872829965}
{"sessionId":"415652","hypothesisId":"H5","location":"Voxel.cpp:UpdateStreamingChunks","message":"stream_refresh","data":{"cx":-467,"cy":-13,"epoch":642,"chunkEntries":4348,"focusX":-1494052.61,"focusY":-40632.50},"timestamp":16872830044}
{"sessionId":"415652","hypothesisId":"H5","location":"Voxel.cpp:UpdateStreamingChunks","message":"stream_refresh","data":{"cx":-466,"cy":-13,"epoch":643,"chunkEntries":4347,"focusX":-1489770.59,"focusY":-41000.31},"timestamp":16872830259}
{"sessionId":"415652","hypothesisId":"H5","location":"Voxel.cpp:UpdateStreamingChunks","message":"stream_refresh","data":{"cx":-465,"cy":-13,"epoch":644,"chunkEntries":4346,"focusX":-1487604.99,"focusY":-41213.21},"timestamp":16872830368}
{"sessionId":"415652","hypothesisId":"H5","location":"Voxel.cpp:UpdateStreamingChunks","message":"stream_refresh","data":{"cx":-464,"cy":-13,"epoch":645,"chunkEntries":4345,"focusX":-1483500.96,"focusY":-41419.69},"timestamp":16872830574}
{"sessionId":"415652","hypothesisId":"H5","location":"Voxel.cpp:UpdateStreamingChunks","message":"stream_refresh","data":{"cx":-463,"cy":-13,"epoch":646,"chunkEntries":4344,"focusX":-1481448.05,"focusY":-41543.25},"timestamp":16872830682}
{"sessionId":"415652","hypothesisId":"H5","location":"Voxel.cpp:UpdateStreamingChunks","message":"stream_refresh","data":{"cx":-463,"cy":-14,"epoch":647,"chunkEntries":4343,"focusX":-1479661.83,"focusY":-41704.00},"timestamp":16872830793}
{"sessionId":"415652","hypothesisId":"H5","location":"Voxel.cpp:UpdateStreamingChunks","message":"stream_refresh","data":{"cx":-462,"cy":-14,"epoch":648,"chunkEntries":4356,"focusX":-1478153.04,"focusY":-41863.97},"timestamp":16872830897}
{"sessionId":"415652","hypothesisId":"H3","location":"Voxel.cpp:Tick","message":"snapshot","data":{"runId":"post-fix","lastCx":-462,"lastCy":-14,"epoch":648,"st":{"q":38,"gen":6,"pend":3730,"mesh":6,"ready":575},"qVox":2534,"qMesh":44258,"actVox":6,"actMesh":6,"defMeshDefer":0,"hasFocus":1,"meshBpThr":0},"timestamp":16872830968}
{"sessionId":"415652","hypothesisId":"H5","location":"Voxel.cpp:UpdateStreamingChunks","message":"stream_refresh","data":{"cx":-461,"cy":-14,"epoch":649,"chunkEntries":4355,"focusX":-1474256.62,"focusY":-42316.79},"timestamp":16872831116}
{"sessionId":"415652","hypothesisId":"H5","location":"Voxel.cpp:UpdateStreamingChunks","message":"stream_refresh","data":{"cx":-460,"cy":-14,"epoch":650,"chunkEntries":4354,"focusX":-1469965.74,"focusY":-42875.64},"timestamp":16872831332}
{"sessionId":"415652","hypothesisId":"H5","location":"Voxel.cpp:UpdateStreamingChunks","message":"stream_refresh","data":{"cx":-459,"cy":-14,"epoch":651,"chunkEntries":4353,"focusX":-1467892.77,"focusY":-43151.01},"timestamp":16872831436}
{"sessionId":"415652","hypothesisId":"H5","location":"Voxel.cpp:UpdateStreamingChunks","message":"stream_refresh","data":{"cx":-458,"cy":-14,"epoch":652,"chunkEntries":4352,"focusX":-1463763.88,"focusY":-43700.93},"timestamp":16872831645}
{"sessionId":"415652","hypothesisId":"H5","location":"Voxel.cpp:UpdateStreamingChunks","message":"stream_refresh","data":{"cx":-457,"cy":-14,"epoch":653,"chunkEntries":4351,"focusX":-1461586.72,"focusY":-43991.09},"timestamp":16872831753}
{"sessionId":"415652","hypothesisId":"H5","location":"Voxel.cpp:UpdateStreamingChunks","message":"stream_refresh","data":{"cx":-456,"cy":-14,"epoch":654,"chunkEntries":4350,"focusX":-1457392.22,"focusY":-44550.14},"timestamp":16872831966}
{"sessionId":"415652","hypothesisId":"H3","location":"Voxel.cpp:Tick","message":"snapshot","data":{"runId":"post-fix","lastCx":-456,"lastCy":-14,"epoch":654,"st":{"q":64,"gen":1,"pend":3745,"mesh":11,"ready":528},"qVox":2560,"qMesh":44669,"actVox":1,"actMesh":11,"defMeshDefer":0,"hasFocus":1,"meshBpThr":0},"timestamp":16872831971}
{"sessionId":"415652","hypothesisId":"H5","location":"Voxel.cpp:UpdateStreamingChunks","message":"stream_refresh","data":{"cx":-455,"cy":-15,"epoch":655,"chunkEntries":4349,"focusX":-1455407.85,"focusY":-44814.63},"timestamp":16872832068}
{"sessionId":"415652","hypothesisId":"H5","location":"Voxel.cpp:UpdateStreamingChunks","message":"stream_refresh","data":{"cx":-454,"cy":-15,"epoch":656,"chunkEntries":4354,"focusX":-1451105.14,"focusY":-45388.12},"timestamp":16872832284}
{"sessionId":"415652","hypothesisId":"H5","location":"Voxel.cpp:UpdateStreamingChunks","message":"stream_refresh","data":{"cx":-453,"cy":-15,"epoch":657,"chunkEntries":4354,"focusX":-1448930.01,"focusY":-45678.03},"timestamp":16872832394}
{"sessionId":"415652","hypothesisId":"H5","location":"Voxel.cpp:UpdateStreamingChunks","message":"stream_refresh","data":{"cx":-452,"cy":-15,"epoch":658,"chunkEntries":4353,"focusX":-1444517.33,"focusY":-46266.18},"timestamp":16872832618}
{"sessionId":"415652","hypothesisId":"H5","location":"Voxel.cpp:UpdateStreamingChunks","message":"stream_refresh","data":{"cx":-451,"cy":-15,"epoch":659,"chunkEntries":4352,"focusX":-1442469.02,"focusY":-46539.19},"timestamp":16872832719}
{"sessionId":"415652","hypothesisId":"H5","location":"Voxel.cpp:UpdateStreamingChunks","message":"stream_refresh","data":{"cx":-450,"cy":-15,"epoch":660,"chunkEntries":4351,"focusX":-1438194.09,"focusY":-47087.67},"timestamp":16872832935}
{"sessionId":"415652","hypothesisId":"H3","location":"Voxel.cpp:Tick","message":"snapshot","data":{"runId":"post-fix","lastCx":-450,"lastCy":-15,"epoch":660,"st":{"q":68,"gen":6,"pend":3835,"mesh":6,"ready":435},"qVox":2568,"qMesh":45208,"actVox":6,"actMesh":6,"defMeshDefer":0,"hasFocus":1,"meshBpThr":0},"timestamp":16872832979}
{"sessionId":"415652","hypothesisId":"H5","location":"Voxel.cpp:UpdateStreamingChunks","message":"stream_refresh","data":{"cx":-449,"cy":-15,"epoch":661,"chunkEntries":4350,"focusX":-1436219.78,"focusY":-46569.84},"timestamp":16872833037}
{"sessionId":"415652","hypothesisId":"H5","location":"Voxel.cpp:UpdateStreamingChunks","message":"stream_refresh","data":{"cx":-448,"cy":-15,"epoch":662,"chunkEntries":4349,"focusX":-1432260.16,"focusY":-45111.31},"timestamp":16872833251}
{"sessionId":"415652","hypothesisId":"H5","location":"Voxel.cpp:UpdateStreamingChunks","message":"stream_refresh","data":{"cx":-447,"cy":-15,"epoch":663,"chunkEntries":4348,"focusX":-1430190.87,"focusY":-45169.43},"timestamp":16872833355}
{"sessionId":"415652","hypothesisId":"H5","location":"Voxel.cpp:UpdateStreamingChunks","message":"stream_refresh","data":{"cx":-446,"cy":-15,"epoch":664,"chunkEntries":4347,"focusX":-1426138.15,"focusY":-45616.38},"timestamp":16872833560}
{"sessionId":"415652","hypothesisId":"H5","location":"Voxel.cpp:UpdateStreamingChunks","message":"stream_refresh","data":{"cx":-445,"cy":-15,"epoch":665,"chunkEntries":4346,"focusX":-1423909.97,"focusY":-45905.30},"timestamp":16872833670}
{"sessionId":"415652","hypothesisId":"H5","location":"Voxel.cpp:UpdateStreamingChunks","message":"stream_refresh","data":{"cx":-444,"cy":-15,"epoch":666,"chunkEntries":4345,"focusX":-1419834.43,"focusY":-46445.50},"timestamp":16872833876}
{"sessionId":"415652","hypothesisId":"H3","location":"Voxel.cpp:Tick","message":"snapshot","data":{"runId":"post-fix","lastCx":-444,"lastCy":-15,"epoch":666,"st":{"q":14,"gen":6,"pend":3907,"mesh":6,"ready":411},"qVox":2517,"qMesh":45673,"actVox":6,"actMesh":6,"defMeshDefer":0,"hasFocus":1,"meshBpThr":0},"timestamp":16872833985}
{"sessionId":"415652","hypothesisId":"H5","location":"Voxel.cpp:UpdateStreamingChunks","message":"stream_refresh","data":{"cx":-443,"cy":-15,"epoch":667,"chunkEntries":4344,"focusX":-1415647.23,"focusY":-47003.27},"timestamp":16872834086}
{"sessionId":"415652","hypothesisId":"H5","location":"Voxel.cpp:UpdateStreamingChunks","message":"stream_refresh","data":{"cx":-442,"cy":-15,"epoch":668,"chunkEntries":4343,"focusX":-1413549.26,"focusY":-47282.87},"timestamp":16872834192}
{"sessionId":"415652","hypothesisId":"H5","location":"Voxel.cpp:UpdateStreamingChunks","message":"stream_refresh","data":{"cx":-441,"cy":-15,"epoch":669,"chunkEntries":4342,"focusX":-1409241.91,"focusY":-47856.97},"timestamp":16872834411}
{"sessionId":"415652","hypothesisId":"H5","location":"Voxel.cpp:UpdateStreamingChunks","message":"stream_refresh","data":{"cx":-440,"cy":-16,"epoch":670,"chunkEntries":4341,"focusX":-1407082.50,"focusY":-48144.79},"timestamp":16872834519}
{"sessionId":"415652","hypothesisId":"H5","location":"Voxel.cpp:UpdateStreamingChunks","message":"stream_refresh","data":{"cx":-439,"cy":-16,"epoch":671,"chunkEntries":4354,"focusX":-1402992.13,"focusY":-48689.97},"timestamp":16872834725}
{"sessionId":"415652","hypothesisId":"H5","location":"Voxel.cpp:UpdateStreamingChunks","message":"stream_refresh","data":{"cx":-438,"cy":-16,"epoch":672,"chunkEntries":4354,"focusX":-1400931.21,"focusY":-48964.66},"timestamp":16872834829}
{"sessionId":"415652","hypothesisId":"H3","location":"Voxel.cpp:Tick","message":"snapshot","data":{"runId":"post-fix","lastCx":-438,"lastCy":-16,"epoch":672,"st":{"q":32,"gen":6,"pend":3889,"mesh":6,"ready":420},"qVox":2536,"qMesh":46099,"actVox":6,"actMesh":6,"defMeshDefer":0,"hasFocus":1,"meshBpThr":0},"timestamp":16872834987}
{"sessionId":"415652","hypothesisId":"H5","location":"Voxel.cpp:UpdateStreamingChunks","message":"stream_refresh","data":{"cx":-437,"cy":-16,"epoch":673,"chunkEntries":4353,"focusX":-1396712.69,"focusY":-49526.93},"timestamp":16872835042}
{"sessionId":"415652","hypothesisId":"H5","location":"Voxel.cpp:UpdateStreamingChunks","message":"stream_refresh","data":{"cx":-436,"cy":-16,"epoch":674,"chunkEntries":4352,"focusX":-1394833.39,"focusY":-49777.41},"timestamp":16872835149}
{"sessionId":"415652","hypothesisId":"H3","location":"Voxel.cpp:Tick","message":"snapshot","data":{"runId":"post-fix","lastCx":-436,"lastCy":-16,"epoch":674,"st":{"q":0,"gen":0,"pend":3864,"mesh":12,"ready":475},"qVox":2506,"qMesh":46204,"actVox":0,"actMesh":12,"defMeshDefer":0,"hasFocus":1,"meshBpThr":0},"timestamp":16872835997}
{"sessionId":"415652","hypothesisId":"H5","location":"Voxel.cpp:UpdateStreamingChunks","message":"stream_refresh","data":{"cx":-435,"cy":-16,"epoch":675,"chunkEntries":4351,"focusX":-1391756.37,"focusY":-50187.54},"timestamp":16872836649}
{"sessionId":"415652","hypothesisId":"H5","location":"Voxel.cpp:UpdateStreamingChunks","message":"stream_refresh","data":{"cx":-434,"cy":-16,"epoch":676,"chunkEntries":4350,"focusX":-1388788.35,"focusY":-50583.13},"timestamp":16872836853}
{"sessionId":"415652","hypothesisId":"H3","location":"Voxel.cpp:Tick","message":"snapshot","data":{"runId":"post-fix","lastCx":-434,"lastCy":-16,"epoch":676,"st":{"q":0,"gen":2,"pend":3808,"mesh":10,"ready":529},"qVox":2506,"qMesh":46280,"actVox":2,"actMesh":10,"defMeshDefer":0,"hasFocus":1,"meshBpThr":0},"timestamp":16872837007}
{"sessionId":"415652","hypothesisId":"H5","location":"Voxel.cpp:UpdateStreamingChunks","message":"stream_refresh","data":{"cx":-433,"cy":-16,"epoch":677,"chunkEntries":4349,"focusX":-1384981.56,"focusY":-51090.52},"timestamp":16872837054}
{"sessionId":"415652","hypothesisId":"H5","location":"Voxel.cpp:UpdateStreamingChunks","message":"stream_refresh","data":{"cx":-433,"cy":-17,"epoch":678,"chunkEntries":4348,"focusX":-1383570.19,"focusY":-51278.64},"timestamp":16872837164}
{"sessionId":"415652","hypothesisId":"H5","location":"Voxel.cpp:UpdateStreamingChunks","message":"stream_refresh","data":{"cx":-432,"cy":-17,"epoch":679,"chunkEntries":4355,"focusX":-1382060.59,"focusY":-51479.84},"timestamp":16872837586}
{"sessionId":"415652","hypothesisId":"H5","location":"Voxel.cpp:UpdateStreamingChunks","message":"stream_refresh","data":{"cx":-431,"cy":-17,"epoch":680,"chunkEntries":4355,"focusX":-1377430.06,"focusY":-52097.03},"timestamp":16872837906}
{"sessionId":"415652","hypothesisId":"H5","location":"Voxel.cpp:UpdateStreamingChunks","message":"stream_refresh","data":{"cx":-430,"cy":-17,"epoch":681,"chunkEntries":4354,"focusX":-1375343.70,"focusY":-52375.11},"timestamp":16872838012}
{"sessionId":"415652","hypothesisId":"H3","location":"Voxel.cpp:Tick","message":"snapshot","data":{"runId":"post-fix","lastCx":-430,"lastCy":-17,"epoch":681,"st":{"q":85,"gen":6,"pend":3687,"mesh":6,"ready":569},"qVox":2591,"qMesh":46480,"actVox":6,"actMesh":6,"defMeshDefer":0,"hasFocus":1,"meshBpThr":0},"timestamp":16872838018}
{"sessionId":"415652","hypothesisId":"H5","location":"Voxel.cpp:UpdateStreamingChunks","message":"stream_refresh","data":{"cx":-429,"cy":-17,"epoch":682,"chunkEntries":4353,"focusX":-1371149.16,"focusY":-52934.18},"timestamp":16872838225}
{"sessionId":"415652","hypothesisId":"H5","location":"Voxel.cpp:UpdateStreamingChunks","message":"stream_refresh","data":{"cx":-428,"cy":-17,"epoch":683,"chunkEntries":4352,"focusX":-1369107.48,"focusY":-53206.31},"timestamp":16872838325}
{"sessionId":"415652","hypothesisId":"H5","location":"Voxel.cpp:UpdateStreamingChunks","message":"stream_refresh","data":{"cx":-427,"cy":-17,"epoch":684,"chunkEntries":4351,"focusX":-1364856.17,"focusY":-53772.95},"timestamp":16872838540}
{"sessionId":"415652","hypothesisId":"H5","location":"Voxel.cpp:UpdateStreamingChunks","message":"stream_refresh","data":{"cx":-426,"cy":-17,"epoch":685,"chunkEntries":4350,"focusX":-1362849.39,"focusY":-54040.42},"timestamp":16872838641}
{"sessionId":"415652","hypothesisId":"H5","location":"Voxel.cpp:UpdateStreamingChunks","message":"stream_refresh","data":{"cx":-425,"cy":-18,"epoch":686,"chunkEntries":4349,"focusX":-1358730.81,"focusY":-54589.37},"timestamp":16872838850}
{"sessionId":"415652","hypothesisId":"H5","location":"Voxel.cpp:UpdateStreamingChunks","message":"stream_refresh","data":{"cx":-424,"cy":-18,"epoch":687,"chunkEntries":4354,"focusX":-1356563.94,"focusY":-54878.18},"timestamp":16872838958}
{"sessionId":"415652","hypothesisId":"H3","location":"Voxel.cpp:Tick","message":"snapshot","data":{"runId":"post-fix","lastCx":-424,"lastCy":-18,"epoch":687,"st":{"q":113,"gen":6,"pend":3661,"mesh":6,"ready":568},"qVox":2619,"qMesh":46907,"actVox":6,"actMesh":6,"defMeshDefer":0,"hasFocus":1,"meshBpThr":0},"timestamp":16872839022}
{"sessionId":"415652","hypothesisId":"H5","location":"Voxel.cpp:UpdateStreamingChunks","message":"stream_refresh","data":{"cx":-423,"cy":-18,"epoch":688,"chunkEntries":4354,"focusX":-1352226.25,"focusY":-55456.33},"timestamp":16872839178}
{"sessionId":"415652","hypothesisId":"H5","location":"Voxel.cpp:UpdateStreamingChunks","message":"stream_refresh","data":{"cx":-422,"cy":-18,"epoch":689,"chunkEntries":4353,"focusX":-1350041.56,"focusY":-55747.52},"timestamp":16872839288}
{"sessionId":"415652","hypothesisId":"H5","location":"Voxel.cpp:UpdateStreamingChunks","message":"stream_refresh","data":{"cx":-421,"cy":-18,"epoch":690,"chunkEntries":4352,"focusX":-1345892.67,"focusY":-56300.51},"timestamp":16872839496}
{"sessionId":"415652","hypothesisId":"H5","location":"Voxel.cpp:UpdateStreamingChunks","message":"stream_refresh","data":{"cx":-420,"cy":-18,"epoch":691,"chunkEntries":4351,"focusX":-1343704.97,"focusY":-56224.91},"timestamp":16872839606}
{"sessionId":"415652","hypothesisId":"H5","location":"Voxel.cpp:UpdateStreamingChunks","message":"stream_refresh","data":{"cx":-419,"cy":-18,"epoch":692,"chunkEntries":4350,"focusX":-1339761.12,"focusY":-54935.72},"timestamp":16872839819}
{"sessionId":"415652","hypothesisId":"H5","location":"Voxel.cpp:UpdateStreamingChunks","message":"stream_refresh","data":{"cx":-419,"cy":-17,"epoch":693,"chunkEntries":4349,"focusX":-1337645.10,"focusY":-54266.66},"timestamp":16872839932}
{"sessionId":"415652","hypothesisId":"H3","location":"Voxel.cpp:Tick","message":"snapshot","data":{"runId":"post-fix","lastCx":-419,"lastCy":-17,"epoch":693,"st":{"q":0,"gen":0,"pend":3760,"mesh":12,"ready":584},"qVox":2510,"qMesh":47332,"actVox":0,"actMesh":12,"defMeshDefer":0,"hasFocus":1,"meshBpThr":0},"timestamp":16872840025}
{"sessionId":"415652","hypothesisId":"H5","location":"Voxel.cpp:UpdateStreamingChunks","message":"stream_refresh","data":{"cx":-418,"cy":-17,"epoch":694,"chunkEntries":4356,"focusX":-1335651.02,"focusY":-54246.02},"timestamp":16872840036}
{"sessionId":"415652","hypothesisId":"H5","location":"Voxel.cpp:UpdateStreamingChunks","message":"stream_refresh","data":{"cx":-417,"cy":-17,"epoch":695,"chunkEntries":4355,"focusX":-1333392.01,"focusY":-54392.04},"timestamp":16872840145}
{"sessionId":"415652","hypothesisId":"H5","location":"Voxel.cpp:UpdateStreamingChunks","message":"stream_refresh","data":{"cx":-417,"cy":-18,"epoch":696,"chunkEntries":4354,"focusX":-1331236.96,"focusY":-54576.52},"timestamp":16872840256}
{"sessionId":"415652","hypothesisId":"H5","location":"Voxel.cpp:UpdateStreamingChunks","message":"stream_refresh","data":{"cx":-416,"cy":-18,"epoch":697,"chunkEntries":4356,"focusX":-1328913.72,"focusY":-54787.66},"timestamp":16872840377}
{"sessionId":"415652","hypothesisId":"H5","location":"Voxel.cpp:UpdateStreamingChunks","message":"stream_refresh","data":{"cx":-415,"cy":-18,"epoch":698,"chunkEntries":4355,"focusX":-1326523.12,"focusY":-55008.73},"timestamp":16872840490}
{"sessionId":"415652","hypothesisId":"H5","location":"Voxel.cpp:UpdateStreamingChunks","message":"stream_refresh","data":{"cx":-414,"cy":-18,"epoch":699,"chunkEntries":4354,"focusX":-1324296.43,"focusY":-55215.60},"timestamp":16872840601}
{"sessionId":"415652","hypothesisId":"H5","location":"Voxel.cpp:UpdateStreamingChunks","message":"stream_refresh","data":{"cx":-413,"cy":-18,"epoch":700,"chunkEntries":4353,"focusX":-1320034.21,"focusY":-55612.15},"timestamp":16872840814}
{"sessionId":"415652","hypothesisId":"H5","location":"Voxel.cpp:UpdateStreamingChunks","message":"stream_refresh","data":{"cx":-412,"cy":-18,"epoch":701,"chunkEntries":4352,"focusX":-1317868.94,"focusY":-55813.66},"timestamp":16872840922}
{"sessionId":"415652","hypothesisId":"H3","location":"Voxel.cpp:Tick","message":"snapshot","data":{"runId":"post-fix","lastCx":-412,"lastCy":-18,"epoch":701,"st":{"q":16,"gen":6,"pend":3839,"mesh":6,"ready":484},"qVox":2526,"qMesh":47873,"actVox":6,"actMesh":6,"defMeshDefer":0,"hasFocus":1,"meshBpThr":0},"timestamp":16872841034}
{"sessionId":"415652","hypothesisId":"H5","location":"Voxel.cpp:UpdateStreamingChunks","message":"stream_refresh","data":{"cx":-411,"cy":-18,"epoch":702,"chunkEntries":4351,"focusX":-1313544.71,"focusY":-56216.11},"timestamp":16872841139}
{"sessionId":"415652","hypothesisId":"H5","location":"Voxel.cpp:UpdateStreamingChunks","message":"stream_refresh","data":{"cx":-410,"cy":-18,"epoch":703,"chunkEntries":4350,"focusX":-1311407.36,"focusY":-56417.64},"timestamp":16872841249}
{"sessionId":"415652","hypothesisId":"H5","location":"Voxel.cpp:UpdateStreamingChunks","message":"stream_refresh","data":{"cx":-409,"cy":-18,"epoch":704,"chunkEntries":4349,"focusX":-1307302.67,"focusY":-56875.88},"timestamp":16872841458}
{"sessionId":"415652","hypothesisId":"H5","location":"Voxel.cpp:UpdateStreamingChunks","message":"stream_refresh","data":{"cx":-408,"cy":-18,"epoch":705,"chunkEntries":4348,"focusX":-1305110.63,"focusY":-57128.96},"timestamp":16872841565}
{"sessionId":"415652","hypothesisId":"H5","location":"Voxel.cpp:UpdateStreamingChunks","message":"stream_refresh","data":{"cx":-407,"cy":-18,"epoch":706,"chunkEntries":4347,"focusX":-1300822.77,"focusY":-57448.21},"timestamp":16872841780}
{"sessionId":"415652","hypothesisId":"H5","location":"Voxel.cpp:UpdateStreamingChunks","message":"stream_refresh","data":{"cx":-406,"cy":-18,"epoch":707,"chunkEntries":4346,"focusX":-1298783.38,"focusY":-57585.19},"timestamp":16872841881}
{"sessionId":"415652","hypothesisId":"H5","location":"Voxel.cpp:UpdateStreamingChunks","message":"stream_refresh","data":{"cx":-406,"cy":-19,"epoch":708,"chunkEntries":4345,"focusX":-1296679.17,"focusY":-57743.08},"timestamp":16872841986}
{"sessionId":"415652","hypothesisId":"H3","location":"Voxel.cpp:Tick","message":"snapshot","data":{"runId":"post-fix","lastCx":-406,"lastCy":-19,"epoch":708,"st":{"q":72,"gen":6,"pend":3854,"mesh":6,"ready":417},"qVox":2582,"qMesh":48339,"actVox":6,"actMesh":6,"defMeshDefer":0,"hasFocus":1,"meshBpThr":0},"timestamp":16872842038}
{"sessionId":"415652","hypothesisId":"H5","location":"Voxel.cpp:UpdateStreamingChunks","message":"stream_refresh","data":{"cx":-405,"cy":-19,"epoch":709,"chunkEntries":4355,"focusX":-1294531.82,"focusY":-57854.39},"timestamp":16872842094}
{"sessionId":"415652","hypothesisId":"H5","location":"Voxel.cpp:UpdateStreamingChunks","message":"stream_refresh","data":{"cx":-404,"cy":-18,"epoch":710,"chunkEntries":4355,"focusX":-1292549.99,"focusY":-57114.54},"timestamp":16872842204}
{"sessionId":"415652","hypothesisId":"H5","location":"Voxel.cpp:UpdateStreamingChunks","message":"stream_refresh","data":{"cx":-403,"cy":-18,"epoch":711,"chunkEntries":4355,"focusX":-1288829.99,"focusY":-55121.76},"timestamp":16872842416}
{"sessionId":"415652","hypothesisId":"H5","location":"Voxel.cpp:UpdateStreamingChunks","message":"stream_refresh","data":{"cx":-402,"cy":-18,"epoch":712,"chunkEntries":4354,"focusX":-1284777.70,"focusY":-54836.85},"timestamp":16872842617}
{"sessionId":"415652","hypothesisId":"H5","location":"Voxel.cpp:UpdateStreamingChunks","message":"stream_refresh","data":{"cx":-401,"cy":-18,"epoch":713,"chunkEntries":4353,"focusX":-1282609.81,"focusY":-54833.45},"timestamp":16872842725}
{"sessionId":"415652","hypothesisId":"H5","location":"Voxel.cpp:UpdateStreamingChunks","message":"stream_refresh","data":{"cx":-400,"cy":-18,"epoch":714,"chunkEntries":4352,"focusX":-1278331.67,"focusY":-54911.60},"timestamp":16872842939}
{"sessionId":"415652","hypothesisId":"H5","location":"Voxel.cpp:UpdateStreamingChunks","message":"stream_refresh","data":{"cx":-399,"cy":-18,"epoch":715,"chunkEntries":4351,"focusX":-1276211.25,"focusY":-54974.47},"timestamp":16872843045}
{"sessionId":"415652","hypothesisId":"H3","location":"Voxel.cpp:Tick","message":"snapshot","data":{"runId":"post-fix","lastCx":-399,"lastCy":-18,"epoch":715,"st":{"q":79,"gen":6,"pend":3860,"mesh":6,"ready":399},"qVox":2590,"qMesh":48805,"actVox":6,"actMesh":6,"defMeshDefer":0,"hasFocus":1,"meshBpThr":0},"timestamp":16872843050}
{"sessionId":"415652","hypothesisId":"H5","location":"Voxel.cpp:UpdateStreamingChunks","message":"stream_refresh","data":{"cx":-398,"cy":-18,"epoch":716,"chunkEntries":4350,"focusX":-1271996.15,"focusY":-55139.86},"timestamp":16872843258}
{"sessionId":"415652","hypothesisId":"H5","location":"Voxel.cpp:UpdateStreamingChunks","message":"stream_refresh","data":{"cx":-397,"cy":-18,"epoch":717,"chunkEntries":4349,"focusX":-1269851.77,"focusY":-55270.59},"timestamp":16872843366}
{"sessionId":"415652","hypothesisId":"H5","location":"Voxel.cpp:UpdateStreamingChunks","message":"stream_refresh","data":{"cx":-396,"cy":-18,"epoch":718,"chunkEntries":4348,"focusX":-1265821.34,"focusY":-55542.73},"timestamp":16872843574}
{"sessionId":"415652","hypothesisId":"H5","location":"Voxel.cpp:UpdateStreamingChunks","message":"stream_refresh","data":{"cx":-395,"cy":-18,"epoch":719,"chunkEntries":4347,"focusX":-1263579.09,"focusY":-55695.93},"timestamp":16872843790}
{"sessionId":"415652","hypothesisId":"H3","location":"Voxel.cpp:Tick","message":"snapshot","data":{"runId":"post-fix","lastCx":-395,"lastCy":-18,"epoch":719,"st":{"q":0,"gen":0,"pend":3915,"mesh":12,"ready":419},"qVox":2511,"qMesh":49124,"actVox":0,"actMesh":12,"defMeshDefer":0,"hasFocus":1,"meshBpThr":0},"timestamp":16872844055}
{"sessionId":"415652","hypothesisId":"H3","location":"Voxel.cpp:Tick","message":"snapshot","data":{"runId":"post-fix","lastCx":-395,"lastCy":-18,"epoch":719,"st":{"q":0,"gen":0,"pend":3826,"mesh":12,"ready":508},"qVox":2511,"qMesh":49035,"actVox":0,"actMesh":12,"defMeshDefer":0,"hasFocus":1,"meshBpThr":0},"timestamp":16872845065}
{"sessionId":"415652","hypothesisId":"H3","location":"Voxel.cpp:Tick","message":"snapshot","data":{"runId":"post-fix","lastCx":-395,"lastCy":-18,"epoch":719,"st":{"q":0,"gen":0,"pend":3737,"mesh":12,"ready":597},"qVox":2511,"qMesh":48946,"actVox":0,"actMesh":12,"defMeshDefer":0,"hasFocus":1,"meshBpThr":0},"timestamp":16872846067}
{"sessionId":"415652","hypothesisId":"H3","location":"Voxel.cpp:Tick","message":"snapshot","data":{"runId":"post-fix","lastCx":-395,"lastCy":-18,"epoch":719,"st":{"q":0,"gen":0,"pend":3648,"mesh":12,"ready":686},"qVox":2511,"qMesh":48857,"actVox":0,"actMesh":12,"defMeshDefer":0,"hasFocus":1,"meshBpThr":0},"timestamp":16872847068}
{"sessionId":"415652","hypothesisId":"H3","location":"Voxel.cpp:Tick","message":"snapshot","data":{"runId":"post-fix","lastCx":-395,"lastCy":-18,"epoch":719,"st":{"q":0,"gen":0,"pend":3559,"mesh":12,"ready":775},"qVox":2511,"qMesh":48768,"actVox":0,"actMesh":12,"defMeshDefer":0,"hasFocus":1,"meshBpThr":0},"timestamp":16872848074}
{"sessionId":"415652","hypothesisId":"H3","location":"Voxel.cpp:Tick","message":"snapshot","data":{"runId":"post-fix","lastCx":-395,"lastCy":-18,"epoch":719,"st":{"q":0,"gen":0,"pend":3470,"mesh":12,"ready":864},"qVox":2511,"qMesh":48679,"actVox":0,"actMesh":12,"defMeshDefer":0,"hasFocus":1,"meshBpThr":0},"timestamp":16872849083}
{"sessionId":"415652","hypothesisId":"H3","location":"Voxel.cpp:Tick","message":"snapshot","data":{"runId":"post-fix","lastCx":-395,"lastCy":-18,"epoch":719,"st":{"q":0,"gen":0,"pend":3381,"mesh":12,"ready":953},"qVox":2511,"qMesh":48590,"actVox":0,"actMesh":12,"defMeshDefer":0,"hasFocus":1,"meshBpThr":0},"timestamp":16872850095}
{"sessionId":"415652","hypothesisId":"H3","location":"Voxel.cpp:Tick","message":"snapshot","data":{"runId":"post-fix","lastCx":-395,"lastCy":-18,"epoch":719,"st":{"q":0,"gen":0,"pend":3297,"mesh":12,"ready":1037},"qVox":2511,"qMesh":48506,"actVox":0,"actMesh":12,"defMeshDefer":0,"hasFocus":1,"meshBpThr":0},"timestamp":16872851101}
{"sessionId":"415652","hypothesisId":"H3","location":"Voxel.cpp:Tick","message":"snapshot","data":{"runId":"post-fix","lastCx":-395,"lastCy":-18,"epoch":719,"st":{"q":0,"gen":0,"pend":3214,"mesh":12,"ready":1120},"qVox":2511,"qMesh":48423,"actVox":0,"actMesh":12,"defMeshDefer":0,"hasFocus":1,"meshBpThr":0},"timestamp":16872852104}
{"sessionId":"415652","hypothesisId":"H3","location":"Voxel.cpp:Tick","message":"snapshot","data":{"runId":"post-fix","lastCx":-395,"lastCy":-18,"epoch":719,"st":{"q":0,"gen":0,"pend":3133,"mesh":12,"ready":1201},"qVox":2511,"qMesh":48342,"actVox":0,"actMesh":12,"defMeshDefer":0,"hasFocus":1,"meshBpThr":0},"timestamp":16872853109}
{"sessionId":"415652","hypothesisId":"H3","location":"Voxel.cpp:Tick","message":"snapshot","data":{"runId":"post-fix","lastCx":-395,"lastCy":-18,"epoch":719,"st":{"q":0,"gen":0,"pend":3050,"mesh":12,"ready":1284},"qVox":2511,"qMesh":48259,"actVox":0,"actMesh":12,"defMeshDefer":0,"hasFocus":1,"meshBpThr":0},"timestamp":16872854111}
{"sessionId":"415652","hypothesisId":"H3","location":"Voxel.cpp:Tick","message":"snapshot","data":{"runId":"post-fix","lastCx":-395,"lastCy":-18,"epoch":719,"st":{"q":0,"gen":0,"pend":2969,"mesh":12,"ready":1365},"qVox":2511,"qMesh":48178,"actVox":0,"actMesh":12,"defMeshDefer":0,"hasFocus":1,"meshBpThr":0},"timestamp":16872855113}
{"sessionId":"415652","hypothesisId":"H3","location":"Voxel.cpp:Tick","message":"snapshot","data":{"runId":"post-fix","lastCx":-395,"lastCy":-18,"epoch":719,"st":{"q":0,"gen":0,"pend":2894,"mesh":12,"ready":1440},"qVox":2511,"qMesh":48103,"actVox":0,"actMesh":12,"defMeshDefer":0,"hasFocus":1,"meshBpThr":0},"timestamp":16872856117}
{"sessionId":"415652","hypothesisId":"H3","location":"Voxel.cpp:Tick","message":"snapshot","data":{"runId":"post-fix","lastCx":-395,"lastCy":-18,"epoch":719,"st":{"q":0,"gen":0,"pend":2824,"mesh":12,"ready":1510},"qVox":2511,"qMesh":48033,"actVox":0,"actMesh":12,"defMeshDefer":0,"hasFocus":1,"meshBpThr":0},"timestamp":16872857123}
{"sessionId":"415652","hypothesisId":"H3","location":"Voxel.cpp:Tick","message":"snapshot","data":{"runId":"post-fix","lastCx":-395,"lastCy":-18,"epoch":719,"st":{"q":0,"gen":0,"pend":2750,"mesh":12,"ready":1584},"qVox":2511,"qMesh":47959,"actVox":0,"actMesh":12,"defMeshDefer":0,"hasFocus":1,"meshBpThr":0},"timestamp":16872858135}
{"sessionId":"415652","hypothesisId":"H3","location":"Voxel.cpp:Tick","message":"snapshot","data":{"runId":"post-fix","lastCx":-395,"lastCy":-18,"epoch":719,"st":{"q":0,"gen":0,"pend":2683,"mesh":12,"ready":1651},"qVox":2511,"qMesh":47892,"actVox":0,"actMesh":12,"defMeshDefer":0,"hasFocus":1,"meshBpThr":0},"timestamp":16872859146}
{"sessionId":"415652","hypothesisId":"H3","location":"Voxel.cpp:Tick","message":"snapshot","data":{"runId":"post-fix","lastCx":-395,"lastCy":-18,"epoch":719,"st":{"q":0,"gen":0,"pend":2613,"mesh":12,"ready":1721},"qVox":2511,"qMesh":47822,"actVox":0,"actMesh":12,"defMeshDefer":0,"hasFocus":1,"meshBpThr":0},"timestamp":16872860149}
{"sessionId":"415652","hypothesisId":"H3","location":"Voxel.cpp:Tick","message":"snapshot","data":{"runId":"post-fix","lastCx":-395,"lastCy":-18,"epoch":719,"st":{"q":0,"gen":0,"pend":2554,"mesh":12,"ready":1780},"qVox":2511,"qMesh":47763,"actVox":0,"actMesh":12,"defMeshDefer":0,"hasFocus":1,"meshBpThr":0},"timestamp":16872861156}
{"sessionId":"415652","hypothesisId":"H3","location":"Voxel.cpp:Tick","message":"snapshot","data":{"runId":"post-fix","lastCx":-395,"lastCy":-18,"epoch":719,"st":{"q":0,"gen":0,"pend":2489,"mesh":12,"ready":1845},"qVox":2511,"qMesh":47698,"actVox":0,"actMesh":12,"defMeshDefer":0,"hasFocus":1,"meshBpThr":0},"timestamp":16872862169}
{"sessionId":"415652","hypothesisId":"H3","location":"Voxel.cpp:Tick","message":"snapshot","data":{"runId":"post-fix","lastCx":-395,"lastCy":-18,"epoch":719,"st":{"q":0,"gen":0,"pend":2411,"mesh":12,"ready":1923},"qVox":2511,"qMesh":47620,"actVox":0,"actMesh":12,"defMeshDefer":0,"hasFocus":1,"meshBpThr":0},"timestamp":16872863175}
{"sessionId":"415652","hypothesisId":"H3","location":"Voxel.cpp:Tick","message":"snapshot","data":{"runId":"post-fix","lastCx":-395,"lastCy":-18,"epoch":719,"st":{"q":0,"gen":0,"pend":2328,"mesh":12,"ready":2006},"qVox":2511,"qMesh":47537,"actVox":0,"actMesh":12,"defMeshDefer":0,"hasFocus":1,"meshBpThr":0},"timestamp":16872864178}
